title,youtube,site_page,landing,new_description
יצאתי לבדוק איך 4 סטארטאפים שליווינו ב-WeCcelerate משדרגים לי יום עמוס התוצאות בסרטון 👀👇,https://www.youtube.com/watch?v=TMNg853SW1M,https://weccelerate.co.il/videos/יצאתי-לבדוק-איך-4-סטארטאפים-שליווינו-ב-weccelerate-משדרגים-ל-TMNg853SW1M,startup,"יצאתי לבדוק איך 4 סטארטאפים שליווינו ב-WeCcelerate משדרגים לי יום עמוס התוצאות בסרטון 👀👇

יש לכם רעיון או מיזם? שיחת היכרות חינם עם יועץ מהצוות:
https://weccelerate.co.il/lp/startup?utm_source=youtube&utm_medium=video&utm_campaign=startup-4-weccelerate-tmng853sw1m

WeCcelerate (וויסלרייט): Venture Builder ומאיץ סטארטאפים ישראלי. ליווי מרעיון לסטארטאפ, כולל מסלול MedTech עם לאומית שירותי בריאות.
עוד מדריכים ליזמים: https://weccelerate.co.il/guides"
היתרון של הסטארטאפים הישראליים שמשנה את עולם הטכנולוגיה הביטחונית 🚀,https://www.youtube.com/watch?v=lHRIo1cCgrg,https://weccelerate.co.il/videos/היתרון-של-הסטארטאפים-הישראליים-שמשנה-את-עולם-הטכנולוגיה-הביט-lHRIo1cCgrg,fundraising,"מה הופך את הסטארטאפים בתחום הדיפנס-טק בישראל לבולטים כל כך, ולאן נושבת הרוח של המשקיעים וקרנות ההון-סיכון?

יש לכם רעיון או מיזם? שיחת היכרות חינם עם יועץ מהצוות:
https://weccelerate.co.il/lp/fundraising?utm_source=youtube&utm_medium=video&utm_campaign=fundraising-lhrio1ccgrg

WeCcelerate (וויסלרייט): Venture Builder ומאיץ סטארטאפים ישראלי. ליווי מרעיון לסטארטאפ, כולל מסלול MedTech עם לאומית שירותי בריאות.
עוד מדריכים ליזמים: https://weccelerate.co.il/guides"
"אברהם בערוץ הכלכלה בראיון על מצב הדיפנס-טק הישראלי ודו""ח משרד הביטחון",https://www.youtube.com/watch?v=dvzF4jjUYhQ,https://weccelerate.co.il/videos/אברהם-בערוץ-הכלכלה-בראיון-על-מצב-הדיפנס-טק-הישראלי-ודוח-משרד-dvzF4jjUYhQ,startup,"אברהם בערוץ הכלכלה בראיון על מצב הדיפנס-טק הישראלי ודו""ח משרד הביטחון

יש לכם רעיון או מיזם? שיחת היכרות חינם עם יועץ מהצוות:
https://weccelerate.co.il/lp/startup?utm_source=youtube&utm_medium=video&utm_campaign=startup-dvzf4jjuyhq

WeCcelerate (וויסלרייט): Venture Builder ומאיץ סטארטאפים ישראלי. ליווי מרעיון לסטארטאפ, כולל מסלול MedTech עם לאומית שירותי בריאות.
עוד מדריכים ליזמים: https://weccelerate.co.il/guides"
"אברהם בערוץ הכלכלה בראיון על מצב הדיפנס-טק הישראלי ודו""ח משרד הביטחון",https://www.youtube.com/watch?v=wIx47PkpqeQ,https://weccelerate.co.il/videos/אברהם-בערוץ-הכלכלה-בראיון-על-מצב-הדיפנס-טק-הישראלי-ודוח-משרד-wIx47PkpqeQ,startup,"אברהם בערוץ הכלכלה בראיון על מצב הדיפנס-טק הישראלי ודו""ח משרד הביטחון

יש לכם רעיון או מיזם? שיחת היכרות חינם עם יועץ מהצוות:
https://weccelerate.co.il/lp/startup?utm_source=youtube&utm_medium=video&utm_campaign=startup-wix47pkpqeq

WeCcelerate (וויסלרייט): Venture Builder ומאיץ סטארטאפים ישראלי. ליווי מרעיון לסטארטאפ, כולל מסלול MedTech עם לאומית שירותי בריאות.
עוד מדריכים ליזמים: https://weccelerate.co.il/guides"
פודקאסט פרק בכורה #: למה תל אביב מתנהגת כמו בולען ממגנט ואיך מייצרים באמת משרות בשכר גבוה?,https://www.youtube.com/watch?v=PIzGoL38JuQ,https://weccelerate.co.il/videos/פודקאסט-פרק-בכורה-למה-תל-אביב-מתנהגת-כמו-בולען-ממגנט-ואיך-מי-PIzGoL38JuQ,startup,"אנחנו גאים ונרגשים להשיק את פודקאסט הבכורה שלנו בבירה!

יש לכם רעיון או מיזם? שיחת היכרות חינם עם יועץ מהצוות:
https://weccelerate.co.il/lp/startup?utm_source=youtube&utm_medium=video&utm_campaign=startup-pizgol38juq

WeCcelerate (וויסלרייט): Venture Builder ומאיץ סטארטאפים ישראלי. ליווי מרעיון לסטארטאפ, כולל מסלול MedTech עם לאומית שירותי בריאות.
עוד מדריכים ליזמים: https://weccelerate.co.il/guides"
פודקאסט #3: מרישום פטנט באוניברסיטה ועד לרעיון לפרוץ את מחסום דם המוח,https://www.youtube.com/watch?v=BYcqZ7KpiiI,https://weccelerate.co.il/videos/פודקאסט-3-מרישום-פטנט-באוניברסיטה-ועד-לרעיון-לפרוץ-את-מחסום--BYcqZ7KpiiI,startup,"אנחנו גאים ונרגשים להמשיך את סדרת הפודקאסטים החדשה שלנו ״בירה בבירה״!

יש לכם רעיון או מיזם? שיחת היכרות חינם עם יועץ מהצוות:
https://weccelerate.co.il/lp/startup?utm_source=youtube&utm_medium=video&utm_campaign=startup-3-bycqz7kpiii

WeCcelerate (וויסלרייט): Venture Builder ומאיץ סטארטאפים ישראלי. ליווי מרעיון לסטארטאפ, כולל מסלול MedTech עם לאומית שירותי בריאות.
עוד מדריכים ליזמים: https://weccelerate.co.il/guides"
מרישום פטנט באוניברסיטה ועד לרעיון לפרוץ את מחסום דם המוח,https://www.youtube.com/watch?v=253Cv3ugK3s,https://weccelerate.co.il/videos/מרישום-פטנט-באוניברסיטה-ועד-לרעיון-לפרוץ-את-מחסום-דם-המוח-253Cv3ugK3s,medtech,"היום ב-18:00 בדיוק: הפרק החדש של ״בירה בבירה״ עולה לאוויר!

יש לכם רעיון או מיזם? שיחת היכרות חינם עם יועץ מהצוות:
https://weccelerate.co.il/lp/medtech?utm_source=youtube&utm_medium=video&utm_campaign=medtech-253cv3ugk3s

WeCcelerate (וויסלרייט): Venture Builder ומאיץ סטארטאפים ישראלי. ליווי מרעיון לסטארטאפ, כולל מסלול MedTech עם לאומית שירותי בריאות.
עוד מדריכים ליזמים: https://weccelerate.co.il/guides"
פודקאסט #2: ״אני עושה את זה כדי לעשות לכם הרבה כסף״ 💼💰,https://www.youtube.com/watch?v=LcE6ys--zDk,https://weccelerate.co.il/videos/פודקאסט-2-״אני-עושה-את-זה-כדי-לעשות-לכם-הרבה-כסף״-LcE6ys--zDk,fundraising,"פרק חדש בפודקאסט החדש שלנו, ״בירה בבירה״!

יש לכם רעיון או מיזם? שיחת היכרות חינם עם יועץ מהצוות:
https://weccelerate.co.il/lp/fundraising?utm_source=youtube&utm_medium=video&utm_campaign=fundraising-2-lce6ys-zdk

WeCcelerate (וויסלרייט): Venture Builder ומאיץ סטארטאפים ישראלי. ליווי מרעיון לסטארטאפ, כולל מסלול MedTech עם לאומית שירותי בריאות.
עוד מדריכים ליזמים: https://weccelerate.co.il/guides"
״אני עושה את זה כדי לעשות לכם הרבה כסף״ 💼💰,https://www.youtube.com/watch?v=gqVjuWU0mjY,https://weccelerate.co.il/videos/״אני-עושה-את-זה-כדי-לעשות-לכם-הרבה-כסף״-gqVjuWU0mjY,fundraising,"טיזר מתוך הפודקאסט שלנו, ״בירה בבירה״ אלון מארח את בן ווינר לשיחה צפופה ובלי פילטרים.

יש לכם רעיון או מיזם? שיחת היכרות חינם עם יועץ מהצוות:
https://weccelerate.co.il/lp/fundraising?utm_source=youtube&utm_medium=video&utm_campaign=fundraising-gqvjuwu0mjy

WeCcelerate (וויסלרייט): Venture Builder ומאיץ סטארטאפים ישראלי. ליווי מרעיון לסטארטאפ, כולל מסלול MedTech עם לאומית שירותי בריאות.
עוד מדריכים ליזמים: https://weccelerate.co.il/guides"
הליווי שלנו ב-WeCelerate לא נמדד רק בתוכניות עבודה,https://www.youtube.com/watch?v=DZR5y1rZU68,https://weccelerate.co.il/videos/הליווי-שלנו-ב-wecelerate-לא-נמדד-רק-בתוכניות-עבודה-DZR5y1rZU68,startup,"הוא נמדד ביחס האישי, במשפחתיות ובדאגה האמיתית לכל יזם שנכנס אלינו בדלת.

יש לכם רעיון או מיזם? שיחת היכרות חינם עם יועץ מהצוות:
https://weccelerate.co.il/lp/startup?utm_source=youtube&utm_medium=video&utm_campaign=startup-wecelerate-dzr5y1rzu68

WeCcelerate (וויסלרייט): Venture Builder ומאיץ סטארטאפים ישראלי. ליווי מרעיון לסטארטאפ, כולל מסלול MedTech עם לאומית שירותי בריאות.
עוד מדריכים ליזמים: https://weccelerate.co.il/guides"
מחששות בהתחלה - למקום שמרגיש כמו בית 💼✨,https://www.youtube.com/watch?v=j-0oPAZflF8,https://weccelerate.co.il/videos/מחששות-בהתחלה-למקום-שמרגיש-כמו-בית-j-0oPAZflF8,startup,"מסע יזמי מלא בחששות טבעיים, במיוחד בשלבים הראשונים.

יש לכם רעיון או מיזם? שיחת היכרות חינם עם יועץ מהצוות:
https://weccelerate.co.il/lp/startup?utm_source=youtube&utm_medium=video&utm_campaign=startup-j-0opazflf8

WeCcelerate (וויסלרייט): Venture Builder ומאיץ סטארטאפים ישראלי. ליווי מרעיון לסטארטאפ, כולל מסלול MedTech עם לאומית שירותי בריאות.
עוד מדריכים ליזמים: https://weccelerate.co.il/guides"
"#1: בירה בבירה, אלון פנחס ואילה לונדנר 🎙️✨",https://www.youtube.com/watch?v=Dl25LrrW1GA,https://weccelerate.co.il/videos/1-בירה-בבירה-אלון-פנחס-ואילה-לונדנר-Dl25LrrW1GA,startup,"אנחנו גאים ונרגשים להשיק את פודקאסט הבכורה שלנו בבירה!

יש לכם רעיון או מיזם? שיחת היכרות חינם עם יועץ מהצוות:
https://weccelerate.co.il/lp/startup?utm_source=youtube&utm_medium=video&utm_campaign=startup-1-dl25lrrw1ga

WeCcelerate (וויסלרייט): Venture Builder ומאיץ סטארטאפים ישראלי. ליווי מרעיון לסטארטאפ, כולל מסלול MedTech עם לאומית שירותי בריאות.
עוד מדריכים ליזמים: https://weccelerate.co.il/guides"
אנחנו גאים ונרגשים להשיק את פודקאסט הבכורה החדש שלנו - ״בירה בבירה״! 🍻🎉,https://www.youtube.com/watch?v=FFMkynUdpz8,https://weccelerate.co.il/videos/אנחנו-גאים-ונרגשים-להשיק-את-פודקאסט-הבכורה-החדש-שלנו-״בירה-ב-FFMkynUdpz8,startup,"בפרק הראשון, אלון מארח את אילה לונדנר, מנהלת פיתוח עסקי ותעשייה ברשות לפיתוח ירושלים, לשיחה מרתקת בגובה העיניים על כל מה שקורה מאחורי הקלעים של עולם…

יש לכם רעיון או מיזם? שיחת היכרות חינם עם יועץ מהצוות:
https://weccelerate.co.il/lp/startup?utm_source=youtube&utm_medium=video&utm_campaign=startup-ffmkynudpz8

WeCcelerate (וויסלרייט): Venture Builder ומאיץ סטארטאפים ישראלי. ליווי מרעיון לסטארטאפ, כולל מסלול MedTech עם לאומית שירותי בריאות.
עוד מדריכים ליזמים: https://weccelerate.co.il/guides"
רווחי שיא ופיטורי ענק במטא? נועם חושף את האמת ⚠️,https://www.youtube.com/watch?v=K8ZEqBuF34o,https://weccelerate.co.il/videos/רווחי-שיא-ופיטורי-ענק-במטא-נועם-חושף-את-האמת-K8ZEqBuF34o,app-development,"למה ענקית טכנולוגיה שמרוויחה בענק ממשיכה לפטר עובדים?

יש לכם רעיון או מיזם? שיחת היכרות חינם עם יועץ מהצוות:
https://weccelerate.co.il/lp/app-development?utm_source=youtube&utm_medium=video&utm_campaign=app-k8zeqbuf34o

WeCcelerate (וויסלרייט): Venture Builder ומאיץ סטארטאפים ישראלי. ליווי מרעיון לסטארטאפ, כולל מסלול MedTech עם לאומית שירותי בריאות.
עוד מדריכים ליזמים: https://weccelerate.co.il/guides"
"מאחורי הקלעים של ענקיות הטכנולוגיה: פיטורים, AI והשפעת הרשתות החברתיות - נועם מתראיין בערוץ הכלכלה",https://www.youtube.com/watch?v=XPAanjXdKdE,https://weccelerate.co.il/videos/מאחורי-הקלעים-של-ענקיות-הטכנולוגיה-פיטורים-ai-והשפעת-הרשתות--XPAanjXdKdE,app-development,"נועם התארח בערוץ הכלכלה לשיחה מרתקת על המהלכים הדרמטיים של ענקיות הטכנולוגיה והשפעתן על השוק ועל החברה.

יש לכם רעיון או מיזם? שיחת היכרות חינם עם יועץ מהצוות:
https://weccelerate.co.il/lp/app-development?utm_source=youtube&utm_medium=video&utm_campaign=app-ai-xpaanjxdkde

WeCcelerate (וויסלרייט): Venture Builder ומאיץ סטארטאפים ישראלי. ליווי מרעיון לסטארטאפ, כולל מסלול MedTech עם לאומית שירותי בריאות.
עוד מדריכים ליזמים: https://weccelerate.co.il/guides"
"""אתה לא קונה טלפון, אתה קונה מותג"" 🍎",https://www.youtube.com/watch?v=-UHfEph50hY,https://weccelerate.co.il/videos/אתה-לא-קונה-טלפון-אתה-קונה-מותג--UHfEph50hY,marketing,"אלון פנחס, מנכ""ל WeCcelerate, בראיון לערוץ הכלכלה על המעטפת השיווקית של המותגים הגדולים בעולם.

יש לכם רעיון או מיזם? שיחת היכרות חינם עם יועץ מהצוות:
https://weccelerate.co.il/lp/marketing?utm_source=youtube&utm_medium=video&utm_campaign=marketing-uhfeph50hy

WeCcelerate (וויסלרייט): Venture Builder ומאיץ סטארטאפים ישראלי. ליווי מרעיון לסטארטאפ, כולל מסלול MedTech עם לאומית שירותי בריאות.
עוד מדריכים ליזמים: https://weccelerate.co.il/guides"
הראיון המלא עם אלון באולפן ערוץ הכלכלה. 📺,https://www.youtube.com/watch?v=cjzSwFpcIPk,https://weccelerate.co.il/videos/הראיון-המלא-עם-אלון-באולפן-ערוץ-הכלכלה-cjzSwFpcIPk,startup,"אנחנו שמחים להעלות לערוץ את הראיון המלא של אלון, מנכ""ל WeCcelerate, מתוך תוכנית הכלכלה.

יש לכם רעיון או מיזם? שיחת היכרות חינם עם יועץ מהצוות:
https://weccelerate.co.il/lp/startup?utm_source=youtube&utm_medium=video&utm_campaign=startup-cjzswfpcipk

WeCcelerate (וויסלרייט): Venture Builder ומאיץ סטארטאפים ישראלי. ליווי מרעיון לסטארטאפ, כולל מסלול MedTech עם לאומית שירותי בריאות.
עוד מדריכים ליזמים: https://weccelerate.co.il/guides"
פודקאסט #50  דניאל - PitchPlan,https://www.youtube.com/watch?v=A06kh8vxB3k,https://weccelerate.co.il/videos/פודקאסט-50-דניאל-pitchplan-A06kh8vxB3k,startup,"הסלון של וויסלרייט | דניאל - PitchPlan דניאל, מנכ״ל PitchPlan מגיע מעולם הבנייה והשיפוצים ושואף לשדרג את צורת העבודה העתיקה לעידן הדיגיטלי.

יש לכם רעיון או מיזם? שיחת היכרות חינם עם יועץ מהצוות:
https://weccelerate.co.il/lp/startup?utm_source=youtube&utm_medium=video&utm_campaign=startup-50-pitchplan-a06kh8vxb3k

WeCcelerate (וויסלרייט): Venture Builder ומאיץ סטארטאפים ישראלי. ליווי מרעיון לסטארטאפ, כולל מסלול MedTech עם לאומית שירותי בריאות.
עוד מדריכים ליזמים: https://weccelerate.co.il/guides"
"אלון פנחס, המנכ""ל שלנו, נמצא כבר חודשים ארוכים במילואים.",https://www.youtube.com/watch?v=6WmvYEXRTaU,https://weccelerate.co.il/videos/אלון-פנחס-המנכל-שלנו-נמצא-כבר-חודשים-ארוכים-במילואים-6WmvYEXRTaU,startup,"בתוך הלחימה הוא מצא רגע לעצור ולהשיא משואה לכבוד הסטארטאפים ותעשיית ההייטק הישראלית - שלא עוצרת לרגע.

יש לכם רעיון או מיזם? שיחת היכרות חינם עם יועץ מהצוות:
https://weccelerate.co.il/lp/startup?utm_source=youtube&utm_medium=video&utm_campaign=startup-6wmvyexrtau

WeCcelerate (וויסלרייט): Venture Builder ומאיץ סטארטאפים ישראלי. ליווי מרעיון לסטארטאפ, כולל מסלול MedTech עם לאומית שירותי בריאות.
עוד מדריכים ליזמים: https://weccelerate.co.il/guides"
חלק 3 - אופק מסכמת את החוויה שלה אצלנו,https://www.youtube.com/watch?v=Xzm1pM1eu2M,https://weccelerate.co.il/videos/חלק-3-אופק-מסכמת-את-החוויה-שלה-אצלנו-Xzm1pM1eu2M,startup,"היא משתפת על החיבור המיידי, על הביטחון שקיבלה לאורך הדרך ועל הידיעה שהיא נמצאת בידיים הנכונות.

יש לכם רעיון או מיזם? שיחת היכרות חינם עם יועץ מהצוות:
https://weccelerate.co.il/lp/startup?utm_source=youtube&utm_medium=video&utm_campaign=startup-3-xzm1pm1eu2m

WeCcelerate (וויסלרייט): Venture Builder ומאיץ סטארטאפים ישראלי. ליווי מרעיון לסטארטאפ, כולל מסלול MedTech עם לאומית שירותי בריאות.
עוד מדריכים ליזמים: https://weccelerate.co.il/guides"
חלק 2 - אופק מספרת על הרגע שאחרי הפגישה הראשונה אצלנו:,https://www.youtube.com/watch?v=9Ij4Fjpu9TY,https://weccelerate.co.il/videos/חלק-2-אופק-מספרת-על-הרגע-שאחרי-הפגישה-הראשונה-אצלנו-9Ij4Fjpu9TY,startup,"בגובה העיניים, עם המון מקצועיות ואנרגיות שיא להמשך הדרך.

יש לכם רעיון או מיזם? שיחת היכרות חינם עם יועץ מהצוות:
https://weccelerate.co.il/lp/startup?utm_source=youtube&utm_medium=video&utm_campaign=startup-2-9ij4fjpu9ty

WeCcelerate (וויסלרייט): Venture Builder ומאיץ סטארטאפים ישראלי. ליווי מרעיון לסטארטאפ, כולל מסלול MedTech עם לאומית שירותי בריאות.
עוד מדריכים ליזמים: https://weccelerate.co.il/guides"
אופק משתפת על הרגע שבו היא הבינה שהיא הגיעה למקום הנכון: בלי לחץ ועם מקסימום מקצועיות.,https://www.youtube.com/watch?v=Hd65kmZbics,https://weccelerate.co.il/videos/אופק-משתפת-על-הרגע-שבו-היא-הבינה-שהיא-הגיעה-למקום-הנכון-בלי--Hd65kmZbics,app-development,"בוויסלרייט, אנחנו יודעים שהדרך למיזם מצליח מתחילה בביטחון ובשקט נפשי.

יש לכם רעיון או מיזם? שיחת היכרות חינם עם יועץ מהצוות:
https://weccelerate.co.il/lp/app-development?utm_source=youtube&utm_medium=video&utm_campaign=app-hd65kmzbics

WeCcelerate (וויסלרייט): Venture Builder ומאיץ סטארטאפים ישראלי. ליווי מרעיון לסטארטאפ, כולל מסלול MedTech עם לאומית שירותי בריאות.
עוד מדריכים ליזמים: https://weccelerate.co.il/guides"
נדב גלבוע והמיזם שלו Wake Up מוכיחים שטכנולוגיה טובה מתחילה בחיבור נכון בין אנשים.,https://www.youtube.com/watch?v=JOSWi5QK3eQ,https://weccelerate.co.il/videos/נדב-גלבוע-והמיזם-שלו-wake-up-מוכיחים-שטכנולוגיה-טובה-מתחילה--JOSWi5QK3eQ,startup,"בסרטון נדב מספר על הערך המוסף של WeCcelerate - מהמקצועיות ללא פשרות ועד לתחושת הביטחון והשותפות המלאה כבר מהפגישה הראשונה.

יש לכם רעיון או מיזם? שיחת היכרות חינם עם יועץ מהצוות:
https://weccelerate.co.il/lp/startup?utm_source=youtube&utm_medium=video&utm_campaign=startup-wake-up-joswi5qk3eq

WeCcelerate (וויסלרייט): Venture Builder ומאיץ סטארטאפים ישראלי. ליווי מרעיון לסטארטאפ, כולל מסלול MedTech עם לאומית שירותי בריאות.
עוד מדריכים ליזמים: https://weccelerate.co.il/guides"
עתיד הניהול האקטיבי: נועם בראיון לערוץ הכלכלה,https://www.youtube.com/watch?v=JDJrRXLqkGc,https://weccelerate.co.il/videos/עתיד-הניהול-האקטיבי-נועם-בראיון-לערוץ-הכלכלה-JDJrRXLqkGc,fundraising,"איך הריבית משפיעה על אסטרטגיית ההשקעות ומה באמת מחפש המשקיע המודרני?

יש לכם רעיון או מיזם? שיחת היכרות חינם עם יועץ מהצוות:
https://weccelerate.co.il/lp/fundraising?utm_source=youtube&utm_medium=video&utm_campaign=fundraising-jdjrrxlqkgc

WeCcelerate (וויסלרייט): Venture Builder ומאיץ סטארטאפים ישראלי. ליווי מרעיון לסטארטאפ, כולל מסלול MedTech עם לאומית שירותי בריאות.
עוד מדריכים ליזמים: https://weccelerate.co.il/guides"
הכירו את נדב והמיזם שלו Wake Up,https://www.youtube.com/watch?v=QwXZpgiQbJo,https://weccelerate.co.il/videos/הכירו-את-נדב-והמיזם-שלו-wake-up-QwXZpgiQbJo,startup,"Wake Up - פלטפורמה דיגיטלית חכמה שיוצרת חיבורים מקצועיים ומפרקת חסמי תעסוקה עבור אנשים עם מוגבלויות.

יש לכם רעיון או מיזם? שיחת היכרות חינם עם יועץ מהצוות:
https://weccelerate.co.il/lp/startup?utm_source=youtube&utm_medium=video&utm_campaign=startup-wake-up-qwxzpgiqbjo

WeCcelerate (וויסלרייט): Venture Builder ומאיץ סטארטאפים ישראלי. ליווי מרעיון לסטארטאפ, כולל מסלול MedTech עם לאומית שירותי בריאות.
עוד מדריכים ליזמים: https://weccelerate.co.il/guides"
יש לכם רעיון? אל תשמרו אותו לעצמכם 🤫,https://www.youtube.com/watch?v=SXRfd7EXnd4,https://weccelerate.co.il/videos/יש-לכם-רעיון-אל-תשמרו-אותו-לעצמכם-SXRfd7EXnd4,startup,"יזמים רבים מפחדים לספר על הרעיון שלהם, אבל האמת היא שזה הצעד הראשון והחשוב ביותר בבדיקת היתכנות.

יש לכם רעיון או מיזם? שיחת היכרות חינם עם יועץ מהצוות:
https://weccelerate.co.il/lp/startup?utm_source=youtube&utm_medium=video&utm_campaign=startup-sxrfd7exnd4

WeCcelerate (וויסלרייט): Venture Builder ומאיץ סטארטאפים ישראלי. ליווי מרעיון לסטארטאפ, כולל מסלול MedTech עם לאומית שירותי בריאות.
עוד מדריכים ליזמים: https://weccelerate.co.il/guides"
לפעמים המוצר הכי גאוני בעולם פשוט לא מספיק כדי לסגור משקיע 💡,https://www.youtube.com/watch?v=jDnCMySAMuc,https://weccelerate.co.il/videos/לפעמים-המוצר-הכי-גאוני-בעולם-פשוט-לא-מספיק-כדי-לסגור-משקיע-jDnCMySAMuc,fundraising,"למה סטארט-אפים מעולים נתקעים בשלב הפיץ', ומהו הגורם שמשנה את כללי המשחק וגורם למשקיעים לרצות להשקיע בך?

יש לכם רעיון או מיזם? שיחת היכרות חינם עם יועץ מהצוות:
https://weccelerate.co.il/lp/fundraising?utm_source=youtube&utm_medium=video&utm_campaign=fundraising-jdncmysamuc

WeCcelerate (וויסלרייט): Venture Builder ומאיץ סטארטאפים ישראלי. ליווי מרעיון לסטארטאפ, כולל מסלול MedTech עם לאומית שירותי בריאות.
עוד מדריכים ליזמים: https://weccelerate.co.il/guides"
איך מוכרים מוצר שהקהל עוד לא יודע שהוא צריך?,https://www.youtube.com/watch?v=X870bM7CR2o,https://weccelerate.co.il/videos/איך-מוכרים-מוצר-שהקהל-עוד-לא-יודע-שהוא-צריך-X870bM7CR2o,startup,"אלון מסביר את החשיבות של אסטרטגיה לפני מכירה.

יש לכם רעיון או מיזם? שיחת היכרות חינם עם יועץ מהצוות:
https://weccelerate.co.il/lp/startup?utm_source=youtube&utm_medium=video&utm_campaign=startup-x870bm7cr2o

WeCcelerate (וויסלרייט): Venture Builder ומאיץ סטארטאפים ישראלי. ליווי מרעיון לסטארטאפ, כולל מסלול MedTech עם לאומית שירותי בריאות.
עוד מדריכים ליזמים: https://weccelerate.co.il/guides"
"סטארטאפ שרוצה לגדול באמת, נמצא במשימת גיוס תמידית. 📈",https://www.youtube.com/watch?v=ge-frFlgUgA,https://weccelerate.co.il/videos/סטארטאפ-שרוצה-לגדול-באמת-נמצא-במשימת-גיוס-תמידית-ge-frFlgUgA,fundraising,"השאלה הראשונה היא אם אתם מוכנים להפסיק להיות מוגבלים למה שאתם יודעים לעשות היום?

יש לכם רעיון או מיזם? שיחת היכרות חינם עם יועץ מהצוות:
https://weccelerate.co.il/lp/fundraising?utm_source=youtube&utm_medium=video&utm_campaign=fundraising-ge-frflguga

WeCcelerate (וויסלרייט): Venture Builder ומאיץ סטארטאפים ישראלי. ליווי מרעיון לסטארטאפ, כולל מסלול MedTech עם לאומית שירותי בריאות.
עוד מדריכים ליזמים: https://weccelerate.co.il/guides"
האם ה-AI יחליף את ההג'וניורים? 🤖🚀,https://www.youtube.com/watch?v=78mtd1OWSxk,https://weccelerate.co.il/videos/האם-ה-ai-יחליף-את-ההגוניורים-78mtd1OWSxk,app-development,"האם הבינה המלאכותית היא איום על הדור הבא של המהנדסים או דווקא ההזדמנות הכי גדולה שלהם?

יש לכם רעיון או מיזם? שיחת היכרות חינם עם יועץ מהצוות:
https://weccelerate.co.il/lp/app-development?utm_source=youtube&utm_medium=video&utm_campaign=app-ai-78mtd1owsxk

WeCcelerate (וויסלרייט): Venture Builder ומאיץ סטארטאפים ישראלי. ליווי מרעיון לסטארטאפ, כולל מסלול MedTech עם לאומית שירותי בריאות.
עוד מדריכים ליזמים: https://weccelerate.co.il/guides"
"איך משקיע פרטי בוחר את הסטארטאפ הבא? סיימון לגזיאל ב""סלון של וויסלרייט""",https://www.youtube.com/watch?v=tdum2AkDwmg,https://weccelerate.co.il/videos/איך-משקיע-פרטי-בוחר-את-הסטארטאפ-הבא-סיימון-לגזיאל-בסלון-של-ו-tdum2AkDwmg,fundraising,"בפרק #49 אלון פנחס מארח את סיימון לגזיאל, משקיע פרטי, לשיחה על מה שבאמת גורם למשקיעים להאמין במיזם.

יש לכם רעיון או מיזם? שיחת היכרות חינם עם יועץ מהצוות:
https://weccelerate.co.il/lp/fundraising?utm_source=youtube&utm_medium=video&utm_campaign=fundraising-tdum2akdwmg

WeCcelerate (וויסלרייט): Venture Builder ומאיץ סטארטאפים ישראלי. ליווי מרעיון לסטארטאפ, כולל מסלול MedTech עם לאומית שירותי בריאות.
עוד מדריכים ליזמים: https://weccelerate.co.il/guides"
פודקאסט #49: סיימון לגזיאל חושף: מה באמת קורה בראש של האנג'ל בזמן הפיץ'? 💰,https://www.youtube.com/watch?v=BBvzXDmrbCs,https://weccelerate.co.il/videos/פודקאסט-49-סיימון-לגזיאל-חושף-מה-באמת-קורה-בראש-של-האנגל-בזמ-BBvzXDmrbCs,fundraising,"בפרק החדש של הסלון, אלון פנחס מארח לשיחה מרתקת את סיימון לגזיאל.

יש לכם רעיון או מיזם? שיחת היכרות חינם עם יועץ מהצוות:
https://weccelerate.co.il/lp/fundraising?utm_source=youtube&utm_medium=video&utm_campaign=fundraising-49-bbvzxdmrbcs

WeCcelerate (וויסלרייט): Venture Builder ומאיץ סטארטאפים ישראלי. ליווי מרעיון לסטארטאפ, כולל מסלול MedTech עם לאומית שירותי בריאות.
עוד מדריכים ליזמים: https://weccelerate.co.il/guides"
"ממשיכים לחלק 2 עם דנה בירן, והפעם על הערך המוסף של WeCcelerate",https://www.youtube.com/watch?v=QErM_2HRiOc,https://weccelerate.co.il/videos/ממשיכים-לחלק-2-עם-דנה-בירן-והפעם-על-הערך-המוסף-של-weccelerat-QErM_2HRiOc,fundraising,"דנה משתפת איך המקצועיות והמידע המסודר שקיבלה, עזרו לה לגשר על פערי הידע ולהרגיש שווה בין שווים כבר מהפגישה הראשונה.

יש לכם רעיון או מיזם? שיחת היכרות חינם עם יועץ מהצוות:
https://weccelerate.co.il/lp/fundraising?utm_source=youtube&utm_medium=video&utm_campaign=fundraising-2-weccelerat-qerm-2hrioc

WeCcelerate (וויסלרייט): Venture Builder ומאיץ סטארטאפים ישראלי. ליווי מרעיון לסטארטאפ, כולל מסלול MedTech עם לאומית שירותי בריאות.
עוד מדריכים ליזמים: https://weccelerate.co.il/guides"
דנה בירן חלק 1: ״כל אחד יכול להיות אמן״,https://www.youtube.com/watch?v=43z0uzwqLPg,https://weccelerate.co.il/videos/דנה-בירן-חלק-1-״כל-אחד-יכול-להיות-אמן״-43z0uzwqLPg,fundraising,"דנה בירן מספרת על המיזם הטכנולוגי החדש שלה שמחבר בין פוטותרפיה לבינה מלאכותית.

יש לכם רעיון או מיזם? שיחת היכרות חינם עם יועץ מהצוות:
https://weccelerate.co.il/lp/fundraising?utm_source=youtube&utm_medium=video&utm_campaign=fundraising-1-43z0uzwqlpg

WeCcelerate (וויסלרייט): Venture Builder ומאיץ סטארטאפים ישראלי. ליווי מרעיון לסטארטאפ, כולל מסלול MedTech עם לאומית שירותי בריאות.
עוד מדריכים ליזמים: https://weccelerate.co.il/guides"
"""עדיף כישלון מפואר מחלומות במגירה""",https://www.youtube.com/watch?v=102m42abk88,https://weccelerate.co.il/videos/עדיף-כישלון-מפואר-מחלומות-במגירה-102m42abk88,startup,"אלון מזכיר לנו שהאויב הכי גדול של הצלחה הוא לא הטעות בדרך, אלא העובדה שלא ניסינו בכלל.

יש לכם רעיון או מיזם? שיחת היכרות חינם עם יועץ מהצוות:
https://weccelerate.co.il/lp/startup?utm_source=youtube&utm_medium=video&utm_campaign=startup-102m42abk88

WeCcelerate (וויסלרייט): Venture Builder ומאיץ סטארטאפים ישראלי. ליווי מרעיון לסטארטאפ, כולל מסלול MedTech עם לאומית שירותי בריאות.
עוד מדריכים ליזמים: https://weccelerate.co.il/guides"
"אברהם הינוך, מנכ""ל שיווק בראיון לערוץ הכלכלה: עתיד השיווק והטכנולוגיה",https://www.youtube.com/watch?v=71i6P9u-n5c,https://weccelerate.co.il/videos/אברהם-הינוך-מנכל-שיווק-בראיון-לערוץ-הכלכלה-עתיד-השיווק-והטכנ-71i6P9u-n5c,marketing,"סמנכ""ל השיווק אברהם הינוך מתארח באולפן ערוץ הכלכלה לשיחה מרתקת על עולם השיווק הדינמי, חדשנות עסקית והאתגרים של מנהלים בעידן הטכנולוגי.

יש לכם רעיון או מיזם? שיחת היכרות חינם עם יועץ מהצוות:
https://weccelerate.co.il/lp/marketing?utm_source=youtube&utm_medium=video&utm_campaign=marketing-71i6p9u-n5c

WeCcelerate (וויסלרייט): Venture Builder ומאיץ סטארטאפים ישראלי. ליווי מרעיון לסטארטאפ, כולל מסלול MedTech עם לאומית שירותי בריאות.
עוד מדריכים ליזמים: https://weccelerate.co.il/guides"
"האקזיטים של Wiz והדור החדש של ההייטק: אלון פנחס, מנכ""ל וויסלרייט, בראיון לערוץ הכלכלה 🚀💸",https://www.youtube.com/watch?v=7m0gFDt4SXA,https://weccelerate.co.il/videos/האקזיטים-של-wiz-והדור-החדש-של-ההייטק-אלון-פנחס-מנכל-וויסלריי-7m0gFDt4SXA,fundraising,"האם שוק ההייטק הישראלי עובר טלטלה?

יש לכם רעיון או מיזם? שיחת היכרות חינם עם יועץ מהצוות:
https://weccelerate.co.il/lp/fundraising?utm_source=youtube&utm_medium=video&utm_campaign=fundraising-wiz-7m0gfdt4sxa

WeCcelerate (וויסלרייט): Venture Builder ומאיץ סטארטאפים ישראלי. ליווי מרעיון לסטארטאפ, כולל מסלול MedTech עם לאומית שירותי בריאות.
עוד מדריכים ליזמים: https://weccelerate.co.il/guides"
הסוד של Wiz: למה יזמים ישראלים כבר לא ממהרים לאקזיט?,https://www.youtube.com/watch?v=KKtUFDbdhDE,https://weccelerate.co.il/videos/הסוד-של-wiz-למה-יזמים-ישראלים-כבר-לא-ממהרים-לאקזיט-KKtUFDbdhDE,fundraising,"הסוד של Wiz: למה יזמים ישראלים כבר לא ממהרים לאקזיט?

יש לכם רעיון או מיזם? שיחת היכרות חינם עם יועץ מהצוות:
https://weccelerate.co.il/lp/fundraising?utm_source=youtube&utm_medium=video&utm_campaign=fundraising-wiz-kktufdbdhde

WeCcelerate (וויסלרייט): Venture Builder ומאיץ סטארטאפים ישראלי. ליווי מרעיון לסטארטאפ, כולל מסלול MedTech עם לאומית שירותי בריאות.
עוד מדריכים ליזמים: https://weccelerate.co.il/guides"
האם אתם הופכים ללא רלוונטיים בלי לשים לב? ⚠️,https://www.youtube.com/watch?v=9AAPbsTQLfE,https://weccelerate.co.il/videos/האם-אתם-הופכים-ללא-רלוונטיים-בלי-לשים-לב-9AAPbsTQLfE,app-development,"האם אתם הופכים ללא רלוונטיים בלי לשים לב?

יש לכם רעיון או מיזם? שיחת היכרות חינם עם יועץ מהצוות:
https://weccelerate.co.il/lp/app-development?utm_source=youtube&utm_medium=video&utm_campaign=app-9aapbstqlfe

WeCcelerate (וויסלרייט): Venture Builder ומאיץ סטארטאפים ישראלי. ליווי מרעיון לסטארטאפ, כולל מסלול MedTech עם לאומית שירותי בריאות.
עוד מדריכים ליזמים: https://weccelerate.co.il/guides"
יזמים מול משקיע,https://www.youtube.com/watch?v=YKCXvD5vKlE,https://weccelerate.co.il/videos/יזמים-מול-משקיע-YKCXvD5vKlE,fundraising,"השבוע זכינו לארח את סיימון לגזיאל family office , המשקיע כבר במעל 100 חברות בשלבים ראשוניים.🤩 חיברנו אותו עם מספר יזמים שאנחנו מלווים כבר מהשלבים הראשונים…

יש לכם רעיון או מיזם? שיחת היכרות חינם עם יועץ מהצוות:
https://weccelerate.co.il/lp/fundraising?utm_source=youtube&utm_medium=video&utm_campaign=fundraising-ykcxvd5vkle

WeCcelerate (וויסלרייט): Venture Builder ומאיץ סטארטאפים ישראלי. ליווי מרעיון לסטארטאפ, כולל מסלול MedTech עם לאומית שירותי בריאות.
עוד מדריכים ליזמים: https://weccelerate.co.il/guides"
"אז מי באמת יותר ""קשה"" לעבודה? יזמים צעירים או מנוסים? 🤔",https://www.youtube.com/watch?v=ej0lbF-FtM4,https://weccelerate.co.il/videos/אז-מי-באמת-יותר-קשה-לעבודה-יזמים-צעירים-או-מנוסים-ej0lbF-FtM4,startup,"אז מי באמת יותר ""קשה"" לעבודה?

יש לכם רעיון או מיזם? שיחת היכרות חינם עם יועץ מהצוות:
https://weccelerate.co.il/lp/startup?utm_source=youtube&utm_medium=video&utm_campaign=startup-ej0lbf-ftm4

WeCcelerate (וויסלרייט): Venture Builder ומאיץ סטארטאפים ישראלי. ליווי מרעיון לסטארטאפ, כולל מסלול MedTech עם לאומית שירותי בריאות.
עוד מדריכים ליזמים: https://weccelerate.co.il/guides"
פודקאסט #48 האיש שעשה אקזיט - כך עזב עמית מוריוסף את גוגל כדי לתרגם שפת סימנים😱🚀,https://www.youtube.com/watch?v=dqtsh5hEH3A,https://weccelerate.co.il/videos/פודקאסט-48-האיש-שעשה-אקזיט-כך-עזב-עמית-מוריוסף-את-גוגל-כדי-ל-dqtsh5hEH3A,fundraising,"וואו, תתכוננו לפרק חובה!

יש לכם רעיון או מיזם? שיחת היכרות חינם עם יועץ מהצוות:
https://weccelerate.co.il/lp/fundraising?utm_source=youtube&utm_medium=video&utm_campaign=fundraising-48-dqtsh5heh3a

WeCcelerate (וויסלרייט): Venture Builder ומאיץ סטארטאפים ישראלי. ליווי מרעיון לסטארטאפ, כולל מסלול MedTech עם לאומית שירותי בריאות.
עוד מדריכים ליזמים: https://weccelerate.co.il/guides"
"המפץ הגדול של הAI ?!100,000$ להרצת מודל?!💸",https://www.youtube.com/watch?v=i3cSiXpk9-Q,https://weccelerate.co.il/videos/המפץ-הגדול-של-הai-100000-להרצת-מודל-i3cSiXpk9-Q,app-development,"כשהוא ניגש למחקר באקדמיה, הוא גילה את האמת המפתיעה על שפת הסימנים זו לא רק שפה נפרדת לחלוטין.

יש לכם רעיון או מיזם? שיחת היכרות חינם עם יועץ מהצוות:
https://weccelerate.co.il/lp/app-development?utm_source=youtube&utm_medium=video&utm_campaign=app-ai-100000-i3csixpk9-q

WeCcelerate (וויסלרייט): Venture Builder ומאיץ סטארטאפים ישראלי. ליווי מרעיון לסטארטאפ, כולל מסלול MedTech עם לאומית שירותי בריאות.
עוד מדריכים ליזמים: https://weccelerate.co.il/guides"
שמעתם פעם רעיון שנשמע מוכר מדי? 😉,https://www.youtube.com/watch?v=yzFvb1wc8iM,https://weccelerate.co.il/videos/שמעתם-פעם-רעיון-שנשמע-מוכר-מדי-yzFvb1wc8iM,startup,"שאלנו את העובדים שלנו ""כמה פעמים שמעתם את אותו הרעיון?""😉🧐 האם באמת יש דפוסים חוזרים?

יש לכם רעיון או מיזם? שיחת היכרות חינם עם יועץ מהצוות:
https://weccelerate.co.il/lp/startup?utm_source=youtube&utm_medium=video&utm_campaign=startup-yzfvb1wc8im

WeCcelerate (וויסלרייט): Venture Builder ומאיץ סטארטאפים ישראלי. ליווי מרעיון לסטארטאפ, כולל מסלול MedTech עם לאומית שירותי בריאות.
עוד מדריכים ליזמים: https://weccelerate.co.il/guides"
בדקנו עם עובדי החברה מה באמת גורם להם לקום כל בוקר ולהגיע לעבוד כאן 🧡,https://www.youtube.com/watch?v=llk-CjVwWTg,https://weccelerate.co.il/videos/בדקנו-עם-עובדי-החברה-מה-באמת-גורם-להם-לקום-כל-בוקר-ולהגיע-לע-llk-CjVwWTg,startup,"הבחירות של העובדים מורכבות משילוב מנצח של חיבור אנושי, מקצועיות וחלומות אישיים, אחרים נמשכו למקצועיות חסרת הפשרות בתהליכי היזמות, והיו כאלה שהאווירה…

יש לכם רעיון או מיזם? שיחת היכרות חינם עם יועץ מהצוות:
https://weccelerate.co.il/lp/startup?utm_source=youtube&utm_medium=video&utm_campaign=startup-llk-cjvwwtg

WeCcelerate (וויסלרייט): Venture Builder ומאיץ סטארטאפים ישראלי. ליווי מרעיון לסטארטאפ, כולל מסלול MedTech עם לאומית שירותי בריאות.
עוד מדריכים ליזמים: https://weccelerate.co.il/guides"
האם הקפה הוא הדלק שמניע אתכם? 🚀,https://www.youtube.com/watch?v=IqW-Shk8nL8,https://weccelerate.co.il/videos/האם-הקפה-הוא-הדלק-שמניע-אתכם-IqW-Shk8nL8,fundraising,"יצאנו לבדוק את עובדי החברה מהי צריכת הקפה היומית שלהם😉 גילינו שיש מי שמפחיתן ויש מי שוויתר לחלוטין!☕ צפו ותגלו מי במשרד שלנו מכור לקפאין ומי נגמל לגמרי!🧐…

יש לכם רעיון או מיזם? שיחת היכרות חינם עם יועץ מהצוות:
https://weccelerate.co.il/lp/fundraising?utm_source=youtube&utm_medium=video&utm_campaign=fundraising-iqw-shk8nl8

WeCcelerate (וויסלרייט): Venture Builder ומאיץ סטארטאפים ישראלי. ליווי מרעיון לסטארטאפ, כולל מסלול MedTech עם לאומית שירותי בריאות.
עוד מדריכים ליזמים: https://weccelerate.co.il/guides"
"מאחורי הקלעים: ליעוז, מנהל המחלקה האסטרטגית שלנו, בריאיון בלעדי! 💡📸",https://www.youtube.com/watch?v=H6nbiQAUTxM,https://weccelerate.co.il/videos/מאחורי-הקלעים-ליעוז-מנהל-המחלקה-האסטרטגית-שלנו-בריאיון-בלעדי-H6nbiQAUTxM,app-development,"השבוע מנהל המחלקה האסטרטגית של וויסלרייט, ליעוז זוהר התארח לריאיון מיוחד בערוץ 10, ערוץ הכלכלה של ישראל.🤩 השיחה התמקדה בנושאים הבוערים והמשפיעים ביותר על…

יש לכם רעיון או מיזם? שיחת היכרות חינם עם יועץ מהצוות:
https://weccelerate.co.il/lp/app-development?utm_source=youtube&utm_medium=video&utm_campaign=app-h6nbiqautxm

WeCcelerate (וויסלרייט): Venture Builder ומאיץ סטארטאפים ישראלי. ליווי מרעיון לסטארטאפ, כולל מסלול MedTech עם לאומית שירותי בריאות.
עוד מדריכים ליזמים: https://weccelerate.co.il/guides"
"רגע, מההה?! 😳 לא ציפינו לתשובות כאלה מהעובדים שלנו!😜",https://www.youtube.com/watch?v=zxWEijNlzhw,https://weccelerate.co.il/videos/רגע-מההה-לא-ציפינו-לתשובות-כאלה-מהעובדים-שלנו-zxWEijNlzhw,startup,"🤯 האם המציאות עולה על הציפיות?

יש לכם רעיון או מיזם? שיחת היכרות חינם עם יועץ מהצוות:
https://weccelerate.co.il/lp/startup?utm_source=youtube&utm_medium=video&utm_campaign=startup-zxweijnlzhw

WeCcelerate (וויסלרייט): Venture Builder ומאיץ סטארטאפים ישראלי. ליווי מרעיון לסטארטאפ, כולל מסלול MedTech עם לאומית שירותי בריאות.
עוד מדריכים ליזמים: https://weccelerate.co.il/guides"
אז.. העתיד כבר פה?! אמזון במהלך שמשגע את העולם!,https://www.youtube.com/watch?v=K-hQc-A9ehU,https://weccelerate.co.il/videos/אז-העתיד-כבר-פה-אמזון-במהלך-שמשגע-את-העולם-K-hQc-A9ehU,app-development,"האם הבינה המלאכותית הולכת לקחת לכם את המשרה?

יש לכם רעיון או מיזם? שיחת היכרות חינם עם יועץ מהצוות:
https://weccelerate.co.il/lp/app-development?utm_source=youtube&utm_medium=video&utm_campaign=app-k-hqc-a9ehu

WeCcelerate (וויסלרייט): Venture Builder ומאיץ סטארטאפים ישראלי. ליווי מרעיון לסטארטאפ, כולל מסלול MedTech עם לאומית שירותי בריאות.
עוד מדריכים ליזמים: https://weccelerate.co.il/guides"
האם ה-AI יחליף את הבן אדם או יסייע לבן אדם?!🤖🤩,https://www.youtube.com/watch?v=jBAnX0AFWps,https://weccelerate.co.il/videos/האם-ה-ai-יחליף-את-הבן-אדם-או-יסייע-לבן-אדם-jBAnX0AFWps,app-development,"האם ה-AI יחליף את הבן אדם או יסייע לבן אדם?!🤖🤩 האם הבינה המלאכותית הולכת לקחת לכם את המשרה?

יש לכם רעיון או מיזם? שיחת היכרות חינם עם יועץ מהצוות:
https://weccelerate.co.il/lp/app-development?utm_source=youtube&utm_medium=video&utm_campaign=app-ai-jbanx0afwps

WeCcelerate (וויסלרייט): Venture Builder ומאיץ סטארטאפים ישראלי. ליווי מרעיון לסטארטאפ, כולל מסלול MedTech עם לאומית שירותי בריאות.
עוד מדריכים ליזמים: https://weccelerate.co.il/guides"
די לתירוצים! ככה נראית הצלחה💡,https://www.youtube.com/watch?v=_7ieRgy0iIA,https://weccelerate.co.il/videos/די-לתירוצים-ככה-נראית-הצלחה-_7ieRgy0iIA,startup,"די לתירוצים!

יש לכם רעיון או מיזם? שיחת היכרות חינם עם יועץ מהצוות:
https://weccelerate.co.il/lp/startup?utm_source=youtube&utm_medium=video&utm_campaign=startup-7iergy0iia

WeCcelerate (וויסלרייט): Venture Builder ומאיץ סטארטאפים ישראלי. ליווי מרעיון לסטארטאפ, כולל מסלול MedTech עם לאומית שירותי בריאות.
עוד מדריכים ליזמים: https://weccelerate.co.il/guides"
שמחים לשתף אתכם בהצצה לכנס המשקיעים האחרון שלנו🧡✨,https://www.youtube.com/watch?v=Usy_OqbXnWc,https://weccelerate.co.il/videos/שמחים-לשתף-אתכם-בהצצה-לכנס-המשקיעים-האחרון-שלנו-Usy_OqbXnWc,fundraising,"שמחים לשתף אתכם בהצצה לכנס המשקיעים האחרון שלנו🧡✨ כנס המשקיעים הרבעוני שלנו שמרכז את מיטב היזמים שאנו מלווים ואת המשקיעים המובילים בתעשייה!🤩 אנחנו…

יש לכם רעיון או מיזם? שיחת היכרות חינם עם יועץ מהצוות:
https://weccelerate.co.il/lp/fundraising?utm_source=youtube&utm_medium=video&utm_campaign=fundraising-usy-oqbxnwc

WeCcelerate (וויסלרייט): Venture Builder ומאיץ סטארטאפים ישראלי. ליווי מרעיון לסטארטאפ, כולל מסלול MedTech עם לאומית שירותי בריאות.
עוד מדריכים ליזמים: https://weccelerate.co.il/guides"
"מאירוע כואב של אמא, נולדה יזמת פורצת דרך שמשנה את פני הרפואה!👸🏼",https://www.youtube.com/watch?v=LxYKaqiRdVU,https://weccelerate.co.il/videos/מאירוע-כואב-של-אמא-נולדה-יזמת-פורצת-דרך-שמשנה-את-פני-הרפואה-LxYKaqiRdVU,medtech,"רגע אישי שהפך למהפכה רפואית הסיפור המדהים של טל שירה לוי!

יש לכם רעיון או מיזם? שיחת היכרות חינם עם יועץ מהצוות:
https://weccelerate.co.il/lp/medtech?utm_source=youtube&utm_medium=video&utm_campaign=medtech-lxykaqirdvu

WeCcelerate (וויסלרייט): Venture Builder ומאיץ סטארטאפים ישראלי. ליווי מרעיון לסטארטאפ, כולל מסלול MedTech עם לאומית שירותי בריאות.
עוד מדריכים ליזמים: https://weccelerate.co.il/guides"
"אלון, מנכ""ל וויסלרייט, חושף איך AI ישנה את החיים שלכם. 🤖",https://www.youtube.com/watch?v=jS-mWxf_U0o,https://weccelerate.co.il/videos/אלון-מנכל-וויסלרייט-חושף-איך-ai-ישנה-את-החיים-שלכם-jS-mWxf_U0o,app-development,"הראיון הזה לא עוסק במה שהולך לקרות בעתיד, אלא במה שקורה כבר עכשיו, והוא יגרום לכם לחשוב מחדש על כל מה שאתם יודעים על בינה מלאכותית.

יש לכם רעיון או מיזם? שיחת היכרות חינם עם יועץ מהצוות:
https://weccelerate.co.il/lp/app-development?utm_source=youtube&utm_medium=video&utm_campaign=app-ai-js-mwxf-u0o

WeCcelerate (וויסלרייט): Venture Builder ומאיץ סטארטאפים ישראלי. ליווי מרעיון לסטארטאפ, כולל מסלול MedTech עם לאומית שירותי בריאות.
עוד מדריכים ליזמים: https://weccelerate.co.il/guides"
כל יזם יודע שבשביל לצאת לדרך עם סטארטאפ...,https://www.youtube.com/watch?v=4EU_kwdlsRs,https://weccelerate.co.il/videos/כל-יזם-יודע-שבשביל-לצאת-לדרך-עם-סטארטאפ-4EU_kwdlsRs,startup,"כל יזם יודע שבשביל לצאת לדרך עם סטארטאפ יש רגעים שבהם אתה מרגיש לא בטוח מה הצעד הבא, ושכל החלטה יכולה להיות קריטית.

יש לכם רעיון או מיזם? שיחת היכרות חינם עם יועץ מהצוות:
https://weccelerate.co.il/lp/startup?utm_source=youtube&utm_medium=video&utm_campaign=startup-4eu-kwdlsrs

WeCcelerate (וויסלרייט): Venture Builder ומאיץ סטארטאפים ישראלי. ליווי מרעיון לסטארטאפ, כולל מסלול MedTech עם לאומית שירותי בריאות.
עוד מדריכים ליזמים: https://weccelerate.co.il/guides"
"מאחורי כל אפליקציה גדולה יש לא רק רעיון, אלא גם אנשים👥🤝🏼",https://www.youtube.com/watch?v=wCZHnC1zThY,https://weccelerate.co.il/videos/מאחורי-כל-אפליקציה-גדולה-יש-לא-רק-רעיון-אלא-גם-אנשים-wCZHnC1zThY,app-development,"מאחורי כל אפליקציה גדולה יש לא רק רעיון, אלא גם אנשים👥🤝🏼 כשאותו יזם הגיע אלינו, היה לו חלום: לאפשר לכל אחד לפתוח קהילה סביב ומה שבוער בו!

יש לכם רעיון או מיזם? שיחת היכרות חינם עם יועץ מהצוות:
https://weccelerate.co.il/lp/app-development?utm_source=youtube&utm_medium=video&utm_campaign=app-wczhnc1zthy

WeCcelerate (וויסלרייט): Venture Builder ומאיץ סטארטאפים ישראלי. ליווי מרעיון לסטארטאפ, כולל מסלול MedTech עם לאומית שירותי בריאות.
עוד מדריכים ליזמים: https://weccelerate.co.il/guides"
ריאיון מעניין של אברהם סמנכ״ל השיווק של חברת WeCcelerate!,https://www.youtube.com/watch?v=_71Me3joU5U,https://weccelerate.co.il/videos/ריאיון-מעניין-של-אברהם-סמנכ״ל-השיווק-של-חברת-weccelerate-_71Me3joU5U,marketing,"אברהם התראיין לערוץ 10 - ערוץ הכלכלה של ישראל🧡 וסיפר קצת על איך תחום ה-DefenseTech פורץ קדימה!🏃‍♀️🏃 לשמיעת הריאיון המלא הכנסו לערוץ היוטיוב שלנו!

יש לכם רעיון או מיזם? שיחת היכרות חינם עם יועץ מהצוות:
https://weccelerate.co.il/lp/marketing?utm_source=youtube&utm_medium=video&utm_campaign=marketing-weccelerate-71me3jou5u

WeCcelerate (וויסלרייט): Venture Builder ומאיץ סטארטאפים ישראלי. ליווי מרעיון לסטארטאפ, כולל מסלול MedTech עם לאומית שירותי בריאות.
עוד מדריכים ליזמים: https://weccelerate.co.il/guides"
"""זה מהפך, לא עוד טרנד חולף"" 🤫",https://www.youtube.com/watch?v=QSsldqBFyc0,https://weccelerate.co.il/videos/זה-מהפך-לא-עוד-טרנד-חולף-QSsldqBFyc0,app-development,"איך תיראה המדינה שלנו, העסקים והחיים שלכם בעוד שנתיים?

יש לכם רעיון או מיזם? שיחת היכרות חינם עם יועץ מהצוות:
https://weccelerate.co.il/lp/app-development?utm_source=youtube&utm_medium=video&utm_campaign=app-qssldqbfyc0

WeCcelerate (וויסלרייט): Venture Builder ומאיץ סטארטאפים ישראלי. ליווי מרעיון לסטארטאפ, כולל מסלול MedTech עם לאומית שירותי בריאות.
עוד מדריכים ליזמים: https://weccelerate.co.il/guides"
טיזר קטן מהראיון של אלון לערוץ הכלכלה של ישראל!🇮🇱,https://www.youtube.com/watch?v=C0tdw_s6eUs,https://weccelerate.co.il/videos/טיזר-קטן-מהראיון-של-אלון-לערוץ-הכלכלה-של-ישראל-C0tdw_s6eUs,startup,"אלון מנכ״ל חברת WeCcelerate התראיין לערוץ 10 שם דיבר על המהלך הענק של חברת Nvidia ועל השפעותיה על החברה💚🧡 לראיון המלאה הכנסו לערוץ היוטיןב שלנו שם תוכלו…

יש לכם רעיון או מיזם? שיחת היכרות חינם עם יועץ מהצוות:
https://weccelerate.co.il/lp/startup?utm_source=youtube&utm_medium=video&utm_campaign=startup-c0tdw-s6eus

WeCcelerate (וויסלרייט): Venture Builder ומאיץ סטארטאפים ישראלי. ליווי מרעיון לסטארטאפ, כולל מסלול MedTech עם לאומית שירותי בריאות.
עוד מדריכים ליזמים: https://weccelerate.co.il/guides"
פודקאסט #47 לארה מלר מסטארטאפ פורץ דרך בתחום המציאות המדומה לילדים בבתי חולים 🏥✨,https://www.youtube.com/watch?v=648oRL5A_S8,https://weccelerate.co.il/videos/פודקאסט-47-לארה-מלר-מסטארטאפ-פורץ-דרך-בתחום-המציאות-המדומה-ל-648oRL5A_S8,medtech,"הפודקאסט שמשגע את עולם הרפואה בישראל!

יש לכם רעיון או מיזם? שיחת היכרות חינם עם יועץ מהצוות:
https://weccelerate.co.il/lp/medtech?utm_source=youtube&utm_medium=video&utm_campaign=medtech-47-648orl5a-s8

WeCcelerate (וויסלרייט): Venture Builder ומאיץ סטארטאפים ישראלי. ליווי מרעיון לסטארטאפ, כולל מסלול MedTech עם לאומית שירותי בריאות.
עוד מדריכים ליזמים: https://weccelerate.co.il/guides"
מחר בשעה 18:00! פרק חדש של 'הסלון של וויסלרייט',https://www.youtube.com/watch?v=_qV1K96jzpw,https://weccelerate.co.il/videos/מחר-בשעה-1800-פרק-חדש-של-הסלון-של-וויסלרייט-_qV1K96jzpw,startup,"כמו בכל שבוע, פותחים את הדלת לסלון שלנו 🛋️ והפעם?

יש לכם רעיון או מיזם? שיחת היכרות חינם עם יועץ מהצוות:
https://weccelerate.co.il/lp/startup?utm_source=youtube&utm_medium=video&utm_campaign=startup-1800-qv1k96jzpw

WeCcelerate (וויסלרייט): Venture Builder ומאיץ סטארטאפים ישראלי. ליווי מרעיון לסטארטאפ, כולל מסלול MedTech עם לאומית שירותי בריאות.
עוד מדריכים ליזמים: https://weccelerate.co.il/guides"
"פודקאסט #46 איך בונים יוניקורן? יואל בר-אל, מייסד טראקס, חושף הכל בפרק נדיר! 🦄💰",https://www.youtube.com/watch?v=v4G2TwcAFuU,https://weccelerate.co.il/videos/פודקאסט-46-איך-בונים-יוניקורן-יואל-בר-אל-מייסד-טראקס-חושף-הכ-v4G2TwcAFuU,fundraising,"איך בונים יוניקורן?

יש לכם רעיון או מיזם? שיחת היכרות חינם עם יועץ מהצוות:
https://weccelerate.co.il/lp/fundraising?utm_source=youtube&utm_medium=video&utm_campaign=fundraising-46-v4g2twcafuu

WeCcelerate (וויסלרייט): Venture Builder ומאיץ סטארטאפים ישראלי. ליווי מרעיון לסטארטאפ, כולל מסלול MedTech עם לאומית שירותי בריאות.
עוד מדריכים ליזמים: https://weccelerate.co.il/guides"
מחר בשעה 18:00 פרק חדש של 'הסלון של וויסלרייט',https://www.youtube.com/watch?v=BSOvz5liQoU,https://weccelerate.co.il/videos/מחר-בשעה-1800-פרק-חדש-של-הסלון-של-וויסלרייט-BSOvz5liQoU,startup,"כן כן, זה שוב אנחנו בסלון 🛋️ והפרק הקרוב?

יש לכם רעיון או מיזם? שיחת היכרות חינם עם יועץ מהצוות:
https://weccelerate.co.il/lp/startup?utm_source=youtube&utm_medium=video&utm_campaign=startup-1800-bsovz5liqou

WeCcelerate (וויסלרייט): Venture Builder ומאיץ סטארטאפים ישראלי. ליווי מרעיון לסטארטאפ, כולל מסלול MedTech עם לאומית שירותי בריאות.
עוד מדריכים ליזמים: https://weccelerate.co.il/guides"
"פודקאסט #45 🤫 מה שמשקיעים באמת חושבים: יניב פלדמן, מייסד גיקטיים, חושף הכל! 🚀💰",https://www.youtube.com/watch?v=e03D-WvGMbs,https://weccelerate.co.il/videos/פודקאסט-45-מה-שמשקיעים-באמת-חושבים-יניב-פלדמן-מייסד-גיקטיים--e03D-WvGMbs,fundraising,"🤫 מה שמשקיעים באמת חושבים: יניב פלדמן, מייסד גיקטיים, חושף הכל!

יש לכם רעיון או מיזם? שיחת היכרות חינם עם יועץ מהצוות:
https://weccelerate.co.il/lp/fundraising?utm_source=youtube&utm_medium=video&utm_campaign=fundraising-45-e03d-wvgmbs

WeCcelerate (וויסלרייט): Venture Builder ומאיץ סטארטאפים ישראלי. ליווי מרעיון לסטארטאפ, כולל מסלול MedTech עם לאומית שירותי בריאות.
עוד מדריכים ליזמים: https://weccelerate.co.il/guides"
מחר בשעה 18:00 פרק חדש של 'הסלון של וויסלרייט',https://www.youtube.com/watch?v=0Lo3iClxXck,https://weccelerate.co.il/videos/מחר-בשעה-1800-פרק-חדש-של-הסלון-של-וויסלרייט-0Lo3iClxXck,startup,"כמו בכל שבוע, מפנים את המקום בסלון 🛋️ ויושבים לשיחה שלא תרצו שתיגמר!

יש לכם רעיון או מיזם? שיחת היכרות חינם עם יועץ מהצוות:
https://weccelerate.co.il/lp/startup?utm_source=youtube&utm_medium=video&utm_campaign=startup-1800-0lo3iclxxck

WeCcelerate (וויסלרייט): Venture Builder ומאיץ סטארטאפים ישראלי. ליווי מרעיון לסטארטאפ, כולל מסלול MedTech עם לאומית שירותי בריאות.
עוד מדריכים ליזמים: https://weccelerate.co.il/guides"
"האם אנבידיה תשנה את כללי המשחק? מנכ""ל וויסלרייט, אלון פנחס, חושף הכל בראיון בלעדי!",https://www.youtube.com/watch?v=sfFlxEBfOvU,https://weccelerate.co.il/videos/האם-אנבידיה-תשנה-את-כללי-המשחק-מנכל-וויסלרייט-אלון-פנחס-חושף-sfFlxEBfOvU,startup,"ההשקעה של אנבידיה בישראל היא מהלך דרמטי שמטלטל את כלכלת ההייטק, אבל מה באמת מסתתר מאחורי הכותרות?

יש לכם רעיון או מיזם? שיחת היכרות חינם עם יועץ מהצוות:
https://weccelerate.co.il/lp/startup?utm_source=youtube&utm_medium=video&utm_campaign=startup-sfflxebfovu

WeCcelerate (וויסלרייט): Venture Builder ומאיץ סטארטאפים ישראלי. ליווי מרעיון לסטארטאפ, כולל מסלול MedTech עם לאומית שירותי בריאות.
עוד מדריכים ליזמים: https://weccelerate.co.il/guides"
פודקאסט #44 😱 90% מהתוכן שלכם יהיה מבוסס AI עד 2030. נטלי זהר חושפת את האמת המפחידה והמרגשת! 🤖🔥,https://www.youtube.com/watch?v=jqehAAETVM0,https://weccelerate.co.il/videos/פודקאסט-44-90-מהתוכן-שלכם-יהיה-מבוסס-ai-עד-2030-נטלי-זהר-חוש-jqehAAETVM0,app-development,"😱 90% מהתוכן שלכם יהיה מבוסס AI עד 2030.

יש לכם רעיון או מיזם? שיחת היכרות חינם עם יועץ מהצוות:
https://weccelerate.co.il/lp/app-development?utm_source=youtube&utm_medium=video&utm_campaign=app-44-90-ai-2030-jqehaaetvm0

WeCcelerate (וויסלרייט): Venture Builder ומאיץ סטארטאפים ישראלי. ליווי מרעיון לסטארטאפ, כולל מסלול MedTech עם לאומית שירותי בריאות.
עוד מדריכים ליזמים: https://weccelerate.co.il/guides"
"תחום הDefenseTech פורץ קדימה, ומשרד הביטחון כבר בשיתוף פעולה עם עשרות סטארטאפים ישראליים!",https://www.youtube.com/watch?v=W85m3YF0_E8,https://weccelerate.co.il/videos/תחום-הdefensetech-פורץ-קדימה-ומשרד-הביטחון-כבר-בשיתוף-פעולה--W85m3YF0_E8,marketing,"השבוע אברהם שלנו - סמנכ""ל השיווק של חברת WeCcelerate 💛 התארח בערוץ 10 ערוץ הכלכלה של ישראל!

יש לכם רעיון או מיזם? שיחת היכרות חינם עם יועץ מהצוות:
https://weccelerate.co.il/lp/marketing?utm_source=youtube&utm_medium=video&utm_campaign=marketing-defensetech-w85m3yf0-e8

WeCcelerate (וויסלרייט): Venture Builder ומאיץ סטארטאפים ישראלי. ליווי מרעיון לסטארטאפ, כולל מסלול MedTech עם לאומית שירותי בריאות.
עוד מדריכים ליזמים: https://weccelerate.co.il/guides"
פרק חדש של 'הסלון של וויסלרייט',https://www.youtube.com/watch?v=55Y94z7WNng,https://weccelerate.co.il/videos/פרק-חדש-של-הסלון-של-וויסלרייט-55Y94z7WNng,startup,"כמו בכל שבוע הסלון נפתח 🛋️ והפעם?

יש לכם רעיון או מיזם? שיחת היכרות חינם עם יועץ מהצוות:
https://weccelerate.co.il/lp/startup?utm_source=youtube&utm_medium=video&utm_campaign=startup-55y94z7wnng

WeCcelerate (וויסלרייט): Venture Builder ומאיץ סטארטאפים ישראלי. ליווי מרעיון לסטארטאפ, כולל מסלול MedTech עם לאומית שירותי בריאות.
עוד מדריכים ליזמים: https://weccelerate.co.il/guides"
על 'הסלון של וויסלרייט' כבר שמעתם?👂🏼,https://www.youtube.com/watch?v=0P22-dXJnIY,https://weccelerate.co.il/videos/על-הסלון-של-וויסלרייט-כבר-שמעתם-0P22-dXJnIY,startup,"אם עדיין לא שמעתם על 'הסלון של וויסלרייט' - אז זה הזמן!!!👂🏼 פרק חדש מידי שבוע ביום שני בשעה 18:00 🕰️ כל שבוע מארחים אורח חדש 🤝🏻 הפעם אירחנו אורח מיוחד -…

יש לכם רעיון או מיזם? שיחת היכרות חינם עם יועץ מהצוות:
https://weccelerate.co.il/lp/startup?utm_source=youtube&utm_medium=video&utm_campaign=startup-0p22-dxjniy

WeCcelerate (וויסלרייט): Venture Builder ומאיץ סטארטאפים ישראלי. ליווי מרעיון לסטארטאפ, כולל מסלול MedTech עם לאומית שירותי בריאות.
עוד מדריכים ליזמים: https://weccelerate.co.il/guides"
"פודקאסט #43 המפקד מסיירת מטכ""ל ואיש עסקים: השיחה הכי כנה ששמעתם על מנהיגות, יזמות וכישלונות 🤯",https://www.youtube.com/watch?v=bY9fBb2a9y0,https://weccelerate.co.il/videos/פודקאסט-43-המפקד-מסיירת-מטכל-ואיש-עסקים-השיחה-הכי-כנה-ששמעתם-bY9fBb2a9y0,medtech,"המפקד מסיירת מטכ""ל ואיש עסקים: השיחה הכי כנה ששמעתם על מנהיגות, יזמות וכישלונות 🤯 איך מפקד ביחידה מובחרת הופך להיות מנכ""ל של חברה בינלאומית?

יש לכם רעיון או מיזם? שיחת היכרות חינם עם יועץ מהצוות:
https://weccelerate.co.il/lp/medtech?utm_source=youtube&utm_medium=video&utm_campaign=medtech-43-by9fbb2a9y0

WeCcelerate (וויסלרייט): Venture Builder ומאיץ סטארטאפים ישראלי. ליווי מרעיון לסטארטאפ, כולל מסלול MedTech עם לאומית שירותי בריאות.
עוד מדריכים ליזמים: https://weccelerate.co.il/guides"
פודקאסט #42 מפסיכולוגיה הודית עתיקה ועד להשקעות בהייטק - איך הכל מתחבר?! 🤯,https://www.youtube.com/watch?v=RLCyTwlSMUg,https://weccelerate.co.il/videos/פודקאסט-42-מפסיכולוגיה-הודית-עתיקה-ועד-להשקעות-בהייטק-איך-הכ-RLCyTwlSMUg,fundraising,"הפודקאסט הכי מטורף שישגע לכם את הראש!

יש לכם רעיון או מיזם? שיחת היכרות חינם עם יועץ מהצוות:
https://weccelerate.co.il/lp/fundraising?utm_source=youtube&utm_medium=video&utm_campaign=fundraising-42-rlcytwlsmug

WeCcelerate (וויסלרייט): Venture Builder ומאיץ סטארטאפים ישראלי. ליווי מרעיון לסטארטאפ, כולל מסלול MedTech עם לאומית שירותי בריאות.
עוד מדריכים ליזמים: https://weccelerate.co.il/guides"
פרק חדש של 'הסלון של וויסלרייט'!,https://www.youtube.com/watch?v=vL_qlyzoGbA,https://weccelerate.co.il/videos/פרק-חדש-של-הסלון-של-וויסלרייט-vL_qlyzoGbA,startup,"כמו בכל שבוע, מפנים את המקום בסלון 🛋️ ויושבים לשיחה שלא תרצו שתיגמר.

יש לכם רעיון או מיזם? שיחת היכרות חינם עם יועץ מהצוות:
https://weccelerate.co.il/lp/startup?utm_source=youtube&utm_medium=video&utm_campaign=startup-vl-qlyzogba

WeCcelerate (וויסלרייט): Venture Builder ומאיץ סטארטאפים ישראלי. ליווי מרעיון לסטארטאפ, כולל מסלול MedTech עם לאומית שירותי בריאות.
עוד מדריכים ליזמים: https://weccelerate.co.il/guides"
"פודקאסט #41 🤯 הנפקת חברה בנאסד""ק: ינקי מרגלית חושף את האמת על הכישלונות שהפכו אותו למי שהוא! 🚀💰",https://www.youtube.com/watch?v=GHEY3K_ubgU,https://weccelerate.co.il/videos/פודקאסט-41-הנפקת-חברה-בנאסדק-ינקי-מרגלית-חושף-את-האמת-על-הכי-GHEY3K_ubgU,fundraising,"איך הופכים ילד מחונן בבת-ים לאחד היזמים המשפיעים בישראל?

יש לכם רעיון או מיזם? שיחת היכרות חינם עם יועץ מהצוות:
https://weccelerate.co.il/lp/fundraising?utm_source=youtube&utm_medium=video&utm_campaign=fundraising-41-ghey3k-ubgu

WeCcelerate (וויסלרייט): Venture Builder ומאיץ סטארטאפים ישראלי. ליווי מרעיון לסטארטאפ, כולל מסלול MedTech עם לאומית שירותי בריאות.
עוד מדריכים ליזמים: https://weccelerate.co.il/guides"
פרק חדש של הסלון של וויסלרייט!,https://www.youtube.com/watch?v=vaqdU5-x8IY,https://weccelerate.co.il/videos/פרק-חדש-של-הסלון-של-וויסלרייט-vaqdU5-x8IY,startup,"חג שבועות שמח!🌾 לכבוד החג הפרק יעלה ביום ראשון בשעה 14:00 לא לשכוח!

יש לכם רעיון או מיזם? שיחת היכרות חינם עם יועץ מהצוות:
https://weccelerate.co.il/lp/startup?utm_source=youtube&utm_medium=video&utm_campaign=startup-vaqdu5-x8iy

WeCcelerate (וויסלרייט): Venture Builder ומאיץ סטארטאפים ישראלי. ליווי מרעיון לסטארטאפ, כולל מסלול MedTech עם לאומית שירותי בריאות.
עוד מדריכים ליזמים: https://weccelerate.co.il/guides"
פודקאסט #40 💔 הרגע ששבר אותה: איך יזמית רפואית הפכה משבר אישי לסטארט-אפ שמציל חיים! 🏥💡,https://www.youtube.com/watch?v=t-nnqICeUEE,https://weccelerate.co.il/videos/פודקאסט-40-הרגע-ששבר-אותה-איך-יזמית-רפואית-הפכה-משבר-אישי-לס-t-nnqICeUEE,medtech,"מה קורה כשהצורך האישי שלך הופך לפתרון טכנולוגי שישנה את מערכת הבריאות העולמית?

יש לכם רעיון או מיזם? שיחת היכרות חינם עם יועץ מהצוות:
https://weccelerate.co.il/lp/medtech?utm_source=youtube&utm_medium=video&utm_campaign=medtech-40-t-nnqiceuee

WeCcelerate (וויסלרייט): Venture Builder ומאיץ סטארטאפים ישראלי. ליווי מרעיון לסטארטאפ, כולל מסלול MedTech עם לאומית שירותי בריאות.
עוד מדריכים ליזמים: https://weccelerate.co.il/guides"
פרק חדש של הסלון של וויסלרייט!,https://www.youtube.com/watch?v=G6ufTRm95Cw,https://weccelerate.co.il/videos/פרק-חדש-של-הסלון-של-וויסלרייט-G6ufTRm95Cw,startup,"מחר יום שני בשעה 18:00 לא לשכוח!

יש לכם רעיון או מיזם? שיחת היכרות חינם עם יועץ מהצוות:
https://weccelerate.co.il/lp/startup?utm_source=youtube&utm_medium=video&utm_campaign=startup-g6uftrm95cw

WeCcelerate (וויסלרייט): Venture Builder ומאיץ סטארטאפים ישראלי. ליווי מרעיון לסטארטאפ, כולל מסלול MedTech עם לאומית שירותי בריאות.
עוד מדריכים ליזמים: https://weccelerate.co.il/guides"
פודקאסט #39 🤫 סודות המיתוג: כך בונים מותג שמנפיק! מיכל גת חושפת את הקלפים 🚀💰,https://www.youtube.com/watch?v=bV7eAkklj4g,https://weccelerate.co.il/videos/פודקאסט-39-סודות-המיתוג-כך-בונים-מותג-שמנפיק-מיכל-גת-חושפת-א-bV7eAkklj4g,fundraising,"מה באמת ההבדל בין חברה טובה לחברה ששווה מיליארדים?

יש לכם רעיון או מיזם? שיחת היכרות חינם עם יועץ מהצוות:
https://weccelerate.co.il/lp/fundraising?utm_source=youtube&utm_medium=video&utm_campaign=fundraising-39-bv7eakklj4g

WeCcelerate (וויסלרייט): Venture Builder ומאיץ סטארטאפים ישראלי. ליווי מרעיון לסטארטאפ, כולל מסלול MedTech עם לאומית שירותי בריאות.
עוד מדריכים ליזמים: https://weccelerate.co.il/guides"
"פודקאסט #38 💰 הדרך הסודית לגיוס הון: אלירן עזר, מנכ""ל Wings IL, חושף הכל על Deep Tech והשקעות! 🤯🚀",https://www.youtube.com/watch?v=YwJy-_BUk3g,https://weccelerate.co.il/videos/פודקאסט-38-הדרך-הסודית-לגיוס-הון-אלירן-עזר-מנכל-wings-il-חוש-YwJy-_BUk3g,fundraising,"איך קצין בחיל הים מגיע ל-JVP, הופך למומחה ל-Venture Lending, ומקים את מועדון האנג'לים הנחשק ביותר לטכנולוגיות עמוקות (Deep Tech)?

יש לכם רעיון או מיזם? שיחת היכרות חינם עם יועץ מהצוות:
https://weccelerate.co.il/lp/fundraising?utm_source=youtube&utm_medium=video&utm_campaign=fundraising-38-wings-il-ywjy-buk3g

WeCcelerate (וויסלרייט): Venture Builder ומאיץ סטארטאפים ישראלי. ליווי מרעיון לסטארטאפ, כולל מסלול MedTech עם לאומית שירותי בריאות.
עוד מדריכים ליזמים: https://weccelerate.co.il/guides"
"פודקאסט #37 בסלון של וויסלרייט על הספה, אלון עם הילה שביב מייסדת ומנכל""ית גלס-ביו טוליפון",https://www.youtube.com/watch?v=ZncT-Fw6uyo,https://weccelerate.co.il/videos/פודקאסט-37-בסלון-של-וויסלרייט-על-הספה-אלון-עם-הילה-שביב-מייס-ZncT-Fw6uyo,startup,"הסלון של וויסלרייט בפרק זה, אלון פנחס בשיח מרתק עם הילה שביב מייסדת ומנכל""ית גלס-ביו טוליפון, על סיפורה המרתק ועל מילותיה המסקרנות: ""אני כל כך מאמינה בדרך…

יש לכם רעיון או מיזם? שיחת היכרות חינם עם יועץ מהצוות:
https://weccelerate.co.il/lp/startup?utm_source=youtube&utm_medium=video&utm_campaign=startup-37-znct-fw6uyo

WeCcelerate (וויסלרייט): Venture Builder ומאיץ סטארטאפים ישראלי. ליווי מרעיון לסטארטאפ, כולל מסלול MedTech עם לאומית שירותי בריאות.
עוד מדריכים ליזמים: https://weccelerate.co.il/guides"
"פודקאסט #36 בסלון של וויסלרייט על הספה, אלון עם האלוף במיל' יעקב עמידרור",https://www.youtube.com/watch?v=huEMZQa_ryg,https://weccelerate.co.il/videos/פודקאסט-36-בסלון-של-וויסלרייט-על-הספה-אלון-עם-האלוף-במיל-יעק-huEMZQa_ryg,startup,"הסלון של וויסלרייט בפרק זה, אלון פנחס בשיח מרתק עם האלוף במיל' יעקב עמידרור, ראש המטה לבטחון לאומי (לשעבר) על סיפורו המרתק ועל מילותיו המסקרנות: ""לפעמים…

יש לכם רעיון או מיזם? שיחת היכרות חינם עם יועץ מהצוות:
https://weccelerate.co.il/lp/startup?utm_source=youtube&utm_medium=video&utm_campaign=startup-36-huemzqa-ryg

WeCcelerate (וויסלרייט): Venture Builder ומאיץ סטארטאפים ישראלי. ליווי מרעיון לסטארטאפ, כולל מסלול MedTech עם לאומית שירותי בריאות.
עוד מדריכים ליזמים: https://weccelerate.co.il/guides"
"""האיש ששומר על הסודות של המדינה: האם אפשר לפרוץ למערכות טילים?"" 🚀🔓",https://www.youtube.com/watch?v=D2DiD6ZzZeo,https://weccelerate.co.il/videos/האיש-ששומר-על-הסודות-של-המדינה-האם-אפשר-לפרוץ-למערכות-טילים-D2DiD6ZzZeo,startup,"מה קורה כשהמערכות הכי רגישות של צה""ל והתעשייה האווירית עומדות למבחן?

יש לכם רעיון או מיזם? שיחת היכרות חינם עם יועץ מהצוות:
https://weccelerate.co.il/lp/startup?utm_source=youtube&utm_medium=video&utm_campaign=startup-d2did6zzzeo

WeCcelerate (וויסלרייט): Venture Builder ומאיץ סטארטאפים ישראלי. ליווי מרעיון לסטארטאפ, כולל מסלול MedTech עם לאומית שירותי בריאות.
עוד מדריכים ליזמים: https://weccelerate.co.il/guides"
"פודקאסט #34 בסלון של וויסלרייט על הספה, עידו סבג עם מיטל רביב, מנכ”לית ובעלים של חברת MERA",https://www.youtube.com/watch?v=zwVoyXUUOEs,https://weccelerate.co.il/videos/פודקאסט-34-בסלון-של-וויסלרייט-על-הספה-עידו-סבג-עם-מיטל-רביב--zwVoyXUUOEs,startup,"הסלון של וויסלרייט בפרק זה, עידו סבג בשיח מרתק עם מיטל רביב, מנכ”לית ובעלים של חברת MERA , על סיפורה המרתק ועל מילותיה המסקרנות: ""בסוף גם אם נכשלת, זה אומר…

יש לכם רעיון או מיזם? שיחת היכרות חינם עם יועץ מהצוות:
https://weccelerate.co.il/lp/startup?utm_source=youtube&utm_medium=video&utm_campaign=startup-34-zwvoyxuuoes

WeCcelerate (וויסלרייט): Venture Builder ומאיץ סטארטאפים ישראלי. ליווי מרעיון לסטארטאפ, כולל מסלול MedTech עם לאומית שירותי בריאות.
עוד מדריכים ליזמים: https://weccelerate.co.il/guides"
פודקאסט #33 🤯 איך AI משנה את חדרי הניתוח? 🤯,https://www.youtube.com/watch?v=5jCAbwGowgg,https://weccelerate.co.il/videos/פודקאסט-33-איך-ai-משנה-את-חדרי-הניתוח-5jCAbwGowgg,medtech,"🤯 איך AI משנה את חדרי הניתוח?

יש לכם רעיון או מיזם? שיחת היכרות חינם עם יועץ מהצוות:
https://weccelerate.co.il/lp/medtech?utm_source=youtube&utm_medium=video&utm_campaign=medtech-33-ai-5jcabwgowgg

WeCcelerate (וויסלרייט): Venture Builder ומאיץ סטארטאפים ישראלי. ליווי מרעיון לסטארטאפ, כולל מסלול MedTech עם לאומית שירותי בריאות.
עוד מדריכים ליזמים: https://weccelerate.co.il/guides"
"פודקאסט #32 בסלון של וויסלרייט על הספה, אלון וסלבה מנדלביץ - יזם, מנכ""ל ובעלים של חברת הפיתוח Anvi",https://www.youtube.com/watch?v=LtnbHGXciYY,https://weccelerate.co.il/videos/פודקאסט-32-בסלון-של-וויסלרייט-על-הספה-אלון-וסלבה-מנדלביץ-יזם-LtnbHGXciYY,startup,"הסלון של וויסלרייט בפרק זה, אלון פנחס בשיח מרתק עם סלבה מנדלביץ - יזם, מנכ""ל ובעלים של חברת הפיתוח Anvi, על סיפורו המרתק ועל מילותיו המסקרנות: ""בכל אבן דרך…

יש לכם רעיון או מיזם? שיחת היכרות חינם עם יועץ מהצוות:
https://weccelerate.co.il/lp/startup?utm_source=youtube&utm_medium=video&utm_campaign=startup-32-ltnbhgxciyy

WeCcelerate (וויסלרייט): Venture Builder ומאיץ סטארטאפים ישראלי. ליווי מרעיון לסטארטאפ, כולל מסלול MedTech עם לאומית שירותי בריאות.
עוד מדריכים ליזמים: https://weccelerate.co.il/guides"
"השבוע זכינו לארח את יוסי מולדבסקי - משקיע, שותף מייסד של קרן ההון הסיכון Plus Ventures😊",https://www.youtube.com/watch?v=BLxzR6cW3YM,https://weccelerate.co.il/videos/השבוע-זכינו-לארח-את-יוסי-מולדבסקי-משקיע-שותף-מייסד-של-קרן-הה-BLxzR6cW3YM,fundraising,"השבוע זכינו לארח את יוסי מולדבסקי - משקיע, שותף מייסד של קרן ההון הסיכון Plus Ventures😊 יוסי פגש מספר מיזמים שליווינו עוד מהשלבים הראשונים שלהם!

יש לכם רעיון או מיזם? שיחת היכרות חינם עם יועץ מהצוות:
https://weccelerate.co.il/lp/fundraising?utm_source=youtube&utm_medium=video&utm_campaign=fundraising-blxzr6cw3ym

WeCcelerate (וויסלרייט): Venture Builder ומאיץ סטארטאפים ישראלי. ליווי מרעיון לסטארטאפ, כולל מסלול MedTech עם לאומית שירותי בריאות.
עוד מדריכים ליזמים: https://weccelerate.co.il/guides"
פודקאסט #31 איך יוסי מולדבסקי הפך לאחד המשקיעים הבולטים בישראל? 🔥,https://www.youtube.com/watch?v=Rrz4CvcgJgI,https://weccelerate.co.il/videos/פודקאסט-31-איך-יוסי-מולדבסקי-הפך-לאחד-המשקיעים-הבולטים-בישרא-Rrz4CvcgJgI,fundraising,"הצצה בלעדית לפודקאסט של וויסלרייט!

יש לכם רעיון או מיזם? שיחת היכרות חינם עם יועץ מהצוות:
https://weccelerate.co.il/lp/fundraising?utm_source=youtube&utm_medium=video&utm_campaign=fundraising-31-rrz4cvcgjgi

WeCcelerate (וויסלרייט): Venture Builder ומאיץ סטארטאפים ישראלי. ליווי מרעיון לסטארטאפ, כולל מסלול MedTech עם לאומית שירותי בריאות.
עוד מדריכים ליזמים: https://weccelerate.co.il/guides"
תאריך חדש נפתח! זאת ההזדמנות שלכם!,https://www.youtube.com/watch?v=ZxxrSaex-pY,https://weccelerate.co.il/videos/תאריך-חדש-נפתח-זאת-ההזדמנות-שלכם-ZxxrSaex-pY,fundraising,"לא מדובר בעוד אירוע נטוורקינג גנרי או פאנל דוברים – אלא במפגש שבו נפתחו הדלתות ליזמים לקבל תשובות והכוונה משמעותיות ונוצרו הזדמנויות חדשות.

יש לכם רעיון או מיזם? שיחת היכרות חינם עם יועץ מהצוות:
https://weccelerate.co.il/lp/fundraising?utm_source=youtube&utm_medium=video&utm_campaign=fundraising-zxxrsaex-py

WeCcelerate (וויסלרייט): Venture Builder ומאיץ סטארטאפים ישראלי. ליווי מרעיון לסטארטאפ, כולל מסלול MedTech עם לאומית שירותי בריאות.
עוד מדריכים ליזמים: https://weccelerate.co.il/guides"
הערכת שווי החברה,https://www.youtube.com/watch?v=XSiitOtTWXQ,https://weccelerate.co.il/videos/הערכת-שווי-החברה-XSiitOtTWXQ,fundraising,"אז איך מעריכים שווי של חברה???

יש לכם רעיון או מיזם? שיחת היכרות חינם עם יועץ מהצוות:
https://weccelerate.co.il/lp/fundraising?utm_source=youtube&utm_medium=video&utm_campaign=fundraising-xsiitottwxq

WeCcelerate (וויסלרייט): Venture Builder ומאיץ סטארטאפים ישראלי. ליווי מרעיון לסטארטאפ, כולל מסלול MedTech עם לאומית שירותי בריאות.
עוד מדריכים ליזמים: https://weccelerate.co.il/guides"
סגירת מעגל,https://www.youtube.com/watch?v=HeAGroR2uN0,https://weccelerate.co.il/videos/סגירת-מעגל-HeAGroR2uN0,startup,"מחפשים לדעת איך לשלב את פיתוח המוצר לשלב הפרקטיקה ?

יש לכם רעיון או מיזם? שיחת היכרות חינם עם יועץ מהצוות:
https://weccelerate.co.il/lp/startup?utm_source=youtube&utm_medium=video&utm_campaign=startup-heagror2un0

WeCcelerate (וויסלרייט): Venture Builder ומאיץ סטארטאפים ישראלי. ליווי מרעיון לסטארטאפ, כולל מסלול MedTech עם לאומית שירותי בריאות.
עוד מדריכים ליזמים: https://weccelerate.co.il/guides"
"פודקאסט #30 בסלון של וויסלרייט על הספה, אלון וליאור יסיאס, איש עסקים ,מנכ""ל ומייסד Esayas Group",https://www.youtube.com/watch?v=7xkEs1JDrEI,https://weccelerate.co.il/videos/פודקאסט-30-בסלון-של-וויסלרייט-על-הספה-אלון-וליאור-יסיאס-איש--7xkEs1JDrEI,startup,"הסלון של וויסלרייט בפרק זה, אלון פנחס בשיח מרתק עם ליאור יסיאס, איש עסקים ,מנכ""ל ומייסד Esayas Group, על סיפורו המרתק ועל מילותיו המסקרנות: ""ביום הזה הבנתי…

יש לכם רעיון או מיזם? שיחת היכרות חינם עם יועץ מהצוות:
https://weccelerate.co.il/lp/startup?utm_source=youtube&utm_medium=video&utm_campaign=startup-30-7xkes1jdrei

WeCcelerate (וויסלרייט): Venture Builder ומאיץ סטארטאפים ישראלי. ליווי מרעיון לסטארטאפ, כולל מסלול MedTech עם לאומית שירותי בריאות.
עוד מדריכים ליזמים: https://weccelerate.co.il/guides"
ככה נראה העתיד כשהוא נבנה בזמן אמת – מבט מקרוב על בית פתוח ליזמים,https://www.youtube.com/watch?v=DuJmpZbBZ6U,https://weccelerate.co.il/videos/ככה-נראה-העתיד-כשהוא-נבנה-בזמן-אמת-מבט-מקרוב-על-בית-פתוח-ליז-DuJmpZbBZ6U,fundraising,"ביום חמישי האחרון, משהו מיוחד קרה.

יש לכם רעיון או מיזם? שיחת היכרות חינם עם יועץ מהצוות:
https://weccelerate.co.il/lp/fundraising?utm_source=youtube&utm_medium=video&utm_campaign=fundraising-dujmpzbbz6u

WeCcelerate (וויסלרייט): Venture Builder ומאיץ סטארטאפים ישראלי. ליווי מרעיון לסטארטאפ, כולל מסלול MedTech עם לאומית שירותי בריאות.
עוד מדריכים ליזמים: https://weccelerate.co.il/guides"
"פודקאסט #29 הפרק הזה הולך לשנות לכם את כל מה שחשבתם על יזמות, השקעות ומה שביניהם! 🚀",https://www.youtube.com/watch?v=Y_r16coDvUQ,https://weccelerate.co.il/videos/פודקאסט-29-הפרק-הזה-הולך-לשנות-לכם-את-כל-מה-שחשבתם-על-יזמות--Y_r16coDvUQ,fundraising,"הפודקאסט שכולם מדברים עליו סוף סוף כאן!

יש לכם רעיון או מיזם? שיחת היכרות חינם עם יועץ מהצוות:
https://weccelerate.co.il/lp/fundraising?utm_source=youtube&utm_medium=video&utm_campaign=fundraising-29-y-r16codvuq

WeCcelerate (וויסלרייט): Venture Builder ומאיץ סטארטאפים ישראלי. ליווי מרעיון לסטארטאפ, כולל מסלול MedTech עם לאומית שירותי בריאות.
עוד מדריכים ליזמים: https://weccelerate.co.il/guides"
פודקאסט #28איך הופכים רעיון קטן לאימפריה גלובלית ועד הטעויות שכל יזם חייב להימנע מהן🧑‍💻 🔥,https://www.youtube.com/watch?v=OXrULGXXKbk,https://weccelerate.co.il/videos/פודקאסט-28איך-הופכים-רעיון-קטן-לאימפריה-גלובלית-ועד-הטעויות--OXrULGXXKbk,medtech,"הפודקאסט הזה הולך לשנות לכם את החיים!

יש לכם רעיון או מיזם? שיחת היכרות חינם עם יועץ מהצוות:
https://weccelerate.co.il/lp/medtech?utm_source=youtube&utm_medium=video&utm_campaign=medtech-28-oxrulgxxkbk

WeCcelerate (וויסלרייט): Venture Builder ומאיץ סטארטאפים ישראלי. ליווי מרעיון לסטארטאפ, כולל מסלול MedTech עם לאומית שירותי בריאות.
עוד מדריכים ליזמים: https://weccelerate.co.il/guides"
חשוב מי המשקיע,https://www.youtube.com/watch?v=gU75uzpFG40,https://weccelerate.co.il/videos/חשוב-מי-המשקיע-gU75uzpFG40,fundraising,"מחפש למצוא משקיע למיזם?

יש לכם רעיון או מיזם? שיחת היכרות חינם עם יועץ מהצוות:
https://weccelerate.co.il/lp/fundraising?utm_source=youtube&utm_medium=video&utm_campaign=fundraising-gu75uzpfg40

WeCcelerate (וויסלרייט): Venture Builder ומאיץ סטארטאפים ישראלי. ליווי מרעיון לסטארטאפ, כולל מסלול MedTech עם לאומית שירותי בריאות.
עוד מדריכים ליזמים: https://weccelerate.co.il/guides"
תהליך שלוקח זמן,https://www.youtube.com/watch?v=onl1XZGHIt8,https://weccelerate.co.il/videos/תהליך-שלוקח-זמן-onl1XZGHIt8,startup,"לפעמיים התהליך לוקח זמן ...⌛ ההמתנה הנכונה היא המפתח להצלחה אם תמהר אולי תפספס את ההזדמנות שלך ...😮 אנחנו בחברת וויסלרייט יודעים לתת את הכלים הנכונים להצלחה…

יש לכם רעיון או מיזם? שיחת היכרות חינם עם יועץ מהצוות:
https://weccelerate.co.il/lp/startup?utm_source=youtube&utm_medium=video&utm_campaign=startup-onl1xzghit8

WeCcelerate (וויסלרייט): Venture Builder ומאיץ סטארטאפים ישראלי. ליווי מרעיון לסטארטאפ, כולל מסלול MedTech עם לאומית שירותי בריאות.
עוד מדריכים ליזמים: https://weccelerate.co.il/guides"
יזמים רעבים לפיתוח,https://www.youtube.com/watch?v=XqyXWL8GdXs,https://weccelerate.co.il/videos/יזמים-רעבים-לפיתוח-XqyXWL8GdXs,product-development,"אנחנו מחפשים יזמים רעבים להצלחה!

יש לכם רעיון או מיזם? שיחת היכרות חינם עם יועץ מהצוות:
https://weccelerate.co.il/lp/product-development?utm_source=youtube&utm_medium=video&utm_campaign=product-xqyxwl8gdxs

WeCcelerate (וויסלרייט): Venture Builder ומאיץ סטארטאפים ישראלי. ליווי מרעיון לסטארטאפ, כולל מסלול MedTech עם לאומית שירותי בריאות.
עוד מדריכים ליזמים: https://weccelerate.co.il/guides"
מלימודים לפרקטיקה,https://www.youtube.com/watch?v=gPqBX7b4b0c,https://weccelerate.co.il/videos/מלימודים-לפרקטיקה-gPqBX7b4b0c,startup,"הוא משלנו!

יש לכם רעיון או מיזם? שיחת היכרות חינם עם יועץ מהצוות:
https://weccelerate.co.il/lp/startup?utm_source=youtube&utm_medium=video&utm_campaign=startup-gpqbx7b4b0c

WeCcelerate (וויסלרייט): Venture Builder ומאיץ סטארטאפים ישראלי. ליווי מרעיון לסטארטאפ, כולל מסלול MedTech עם לאומית שירותי בריאות.
עוד מדריכים ליזמים: https://weccelerate.co.il/guides"
הכרישים vs המציאות,https://www.youtube.com/watch?v=JawsMW0_LUU,https://weccelerate.co.il/videos/הכרישים-vs-המציאות-JawsMW0_LUU,fundraising,"כולם חושבים שחברה כמונו זה כמו בכרישים ...🦈 בהתחלה הדרך תהיה קשה ובסוף תראו שזה יהיה שווה!!!

יש לכם רעיון או מיזם? שיחת היכרות חינם עם יועץ מהצוות:
https://weccelerate.co.il/lp/fundraising?utm_source=youtube&utm_medium=video&utm_campaign=fundraising-vs-jawsmw0-luu

WeCcelerate (וויסלרייט): Venture Builder ומאיץ סטארטאפים ישראלי. ליווי מרעיון לסטארטאפ, כולל מסלול MedTech עם לאומית שירותי בריאות.
עוד מדריכים ליזמים: https://weccelerate.co.il/guides"
ערך מוסף,https://www.youtube.com/watch?v=7hTO-Kq6jZY,https://weccelerate.co.il/videos/ערך-מוסף-7hTO-Kq6jZY,startup,"אצלנו בחברת וויסלרייט יש את רשת הקשרים הנכונה!

יש לכם רעיון או מיזם? שיחת היכרות חינם עם יועץ מהצוות:
https://weccelerate.co.il/lp/startup?utm_source=youtube&utm_medium=video&utm_campaign=startup-7hto-kq6jzy

WeCcelerate (וויסלרייט): Venture Builder ומאיץ סטארטאפים ישראלי. ליווי מרעיון לסטארטאפ, כולל מסלול MedTech עם לאומית שירותי בריאות.
עוד מדריכים ליזמים: https://weccelerate.co.il/guides"
בעולמות הסטארטאפ,https://www.youtube.com/watch?v=6ZF9d0JAk7I,https://weccelerate.co.il/videos/בעולמות-הסטארטאפ-6ZF9d0JAk7I,startup,"בעולמות הסטארטאפ אתה צריך לקחת אנשים שהרימו עסקים בחיים שלהם ולהיעזר בהם...💪🏼 לא צריך להתייבש לבקש עזרה 🤓 אצלנו בחברת וויסלרייט תקבלו מעטפת מלאה ולא תצטרכו…

יש לכם רעיון או מיזם? שיחת היכרות חינם עם יועץ מהצוות:
https://weccelerate.co.il/lp/startup?utm_source=youtube&utm_medium=video&utm_campaign=startup-6zf9d0jak7i

WeCcelerate (וויסלרייט): Venture Builder ומאיץ סטארטאפים ישראלי. ליווי מרעיון לסטארטאפ, כולל מסלול MedTech עם לאומית שירותי בריאות.
עוד מדריכים ליזמים: https://weccelerate.co.il/guides"
פודקאסט #27 בפרק הזה אנחנו חושפים את אחד הסודות השמורים של עולם הטכנולוגיה: ביו-קונברג'נס! 🧬 + 💻 = 💥,https://www.youtube.com/watch?v=GX13QHuQ5DQ,https://weccelerate.co.il/videos/פודקאסט-27-בפרק-הזה-אנחנו-חושפים-את-אחד-הסודות-השמורים-של-עו-GX13QHuQ5DQ,medtech,"🤯 בום!

יש לכם רעיון או מיזם? שיחת היכרות חינם עם יועץ מהצוות:
https://weccelerate.co.il/lp/medtech?utm_source=youtube&utm_medium=video&utm_campaign=medtech-27-gx13qhuq5dq

WeCcelerate (וויסלרייט): Venture Builder ומאיץ סטארטאפים ישראלי. ליווי מרעיון לסטארטאפ, כולל מסלול MedTech עם לאומית שירותי בריאות.
עוד מדריכים ליזמים: https://weccelerate.co.il/guides"
"פודקאסט #26 בסלון של וויסלרייט על הספה, אברהם ואופיר פרום, מנכ""ל ומייסד CO2 OFFSET",https://www.youtube.com/watch?v=4JCOOEITCD8,https://weccelerate.co.il/videos/פודקאסט-26-בסלון-של-וויסלרייט-על-הספה-אברהם-ואופיר-פרום-מנכל-4JCOOEITCD8,startup,"הסלון של וויסלרייט בפרק זה, אברהם הינוך בשיח מרתק עם אופיר פרום, מנכ""ל ומייסד CO2 OFFSET, על סיפורו המרתק ועל מילותיו המסקרנות: ""יזם שמאמין אבל באמת מאמין…

יש לכם רעיון או מיזם? שיחת היכרות חינם עם יועץ מהצוות:
https://weccelerate.co.il/lp/startup?utm_source=youtube&utm_medium=video&utm_campaign=startup-26-4jcooeitcd8

WeCcelerate (וויסלרייט): Venture Builder ומאיץ סטארטאפים ישראלי. ליווי מרעיון לסטארטאפ, כולל מסלול MedTech עם לאומית שירותי בריאות.
עוד מדריכים ליזמים: https://weccelerate.co.il/guides"
"פודקאסט #25: מייקל אוסטר, מנכ""""ל זעפרן טק, לשיחה שתגרום לכם לחשוב אחרת על חקלאות, חדשנות ומהפכות! 🤯",https://www.youtube.com/watch?v=lP7uAGh2xUw,https://weccelerate.co.il/videos/פודקאסט-25-מייקל-אוסטר-מנכל-זעפרן-טק-לשיחה-שתגרום-לכם-לחשוב--lP7uAGh2xUw,marketing,"הפודקאסט ה-ו-ו-א הגיע!!!

יש לכם רעיון או מיזם? שיחת היכרות חינם עם יועץ מהצוות:
https://weccelerate.co.il/lp/marketing?utm_source=youtube&utm_medium=video&utm_campaign=marketing-25-lp7uagh2xuw

WeCcelerate (וויסלרייט): Venture Builder ומאיץ סטארטאפים ישראלי. ליווי מרעיון לסטארטאפ, כולל מסלול MedTech עם לאומית שירותי בריאות.
עוד מדריכים ליזמים: https://weccelerate.co.il/guides"
פודקאסט #24 🤯 איך בונים קהילה מצליחה וחוזה את הטרנדים הבאים בהייטק? 🤯,https://www.youtube.com/watch?v=DAlmJLvgR0k,https://weccelerate.co.il/videos/פודקאסט-24-איך-בונים-קהילה-מצליחה-וחוזה-את-הטרנדים-הבאים-בהי-DAlmJLvgR0k,app-development,"🤯 איך בונים קהילה מצליחה וחוזה את הטרנדים הבאים בהייטק?

יש לכם רעיון או מיזם? שיחת היכרות חינם עם יועץ מהצוות:
https://weccelerate.co.il/lp/app-development?utm_source=youtube&utm_medium=video&utm_campaign=app-24-dalmjlvgr0k

WeCcelerate (וויסלרייט): Venture Builder ומאיץ סטארטאפים ישראלי. ליווי מרעיון לסטארטאפ, כולל מסלול MedTech עם לאומית שירותי בריאות.
עוד מדריכים ליזמים: https://weccelerate.co.il/guides"
Demo day - Leumit WeCcelerate,https://www.youtube.com/watch?v=-mgSeOd3pQo,https://weccelerate.co.il/videos/demo-day-leumit-weccelerate--mgSeOd3pQo,medtech,"עוד שיתוף פעולה מוצלח מבית WeCcelerate חברת וויסלרייט בשיתוף עם לאומית שירותי בריאות מציגים - Demo day 🤝🏼 מספר יזמים הגיעו והציגו את המיזם שלהם מול בכירי…

יש לכם רעיון או מיזם? שיחת היכרות חינם עם יועץ מהצוות:
https://weccelerate.co.il/lp/medtech?utm_source=youtube&utm_medium=video&utm_campaign=medtech-demo-day-leumit-weccelerate-mgseod3pqo

WeCcelerate (וויסלרייט): Venture Builder ומאיץ סטארטאפים ישראלי. ליווי מרעיון לסטארטאפ, כולל מסלול MedTech עם לאומית שירותי בריאות.
עוד מדריכים ליזמים: https://weccelerate.co.il/guides"
תהליך פיתוח מוצר,https://www.youtube.com/watch?v=5wF-bdvQO38,https://weccelerate.co.il/videos/תהליך-פיתוח-מוצר-5wF-bdvQO38,startup,"יזם...?

יש לכם רעיון או מיזם? שיחת היכרות חינם עם יועץ מהצוות:
https://weccelerate.co.il/lp/startup?utm_source=youtube&utm_medium=video&utm_campaign=startup-5wf-bdvqo38

WeCcelerate (וויסלרייט): Venture Builder ומאיץ סטארטאפים ישראלי. ליווי מרעיון לסטארטאפ, כולל מסלול MedTech עם לאומית שירותי בריאות.
עוד מדריכים ליזמים: https://weccelerate.co.il/guides"
"פודקאסט #23 הצטרפו לשיחה מטלטלת עם בועז דרי, מנכ""""ל ומייסד """"קומנדו הסברה"""", בפודקאסט של וויסלרייט!",https://www.youtube.com/watch?v=iLpUqbboe6Q,https://weccelerate.co.il/videos/פודקאסט-23-הצטרפו-לשיחה-מטלטלת-עם-בועז-דרי-מנכל-ומייסד-קומנד-iLpUqbboe6Q,startup,"הצטרפו אלינו לשיחה מטלטלת עם בועז דרי, מנכ""""ל ומייסד """"קומנדו הסברה"""", בפודקאסט של וויסלרייט!

יש לכם רעיון או מיזם? שיחת היכרות חינם עם יועץ מהצוות:
https://weccelerate.co.il/lp/startup?utm_source=youtube&utm_medium=video&utm_campaign=startup-23-ilpuqbboe6q

WeCcelerate (וויסלרייט): Venture Builder ומאיץ סטארטאפים ישראלי. ליווי מרעיון לסטארטאפ, כולל מסלול MedTech עם לאומית שירותי בריאות.
עוד מדריכים ליזמים: https://weccelerate.co.il/guides"
"פודקאסט #22 דן שמחון, מנכ""""ל ומייסד שותף של Pre-Cure, לשיחה שתשנה לכם את נקודת המבט על עולם הרפואה!",https://www.youtube.com/watch?v=hay4j39qzwk,https://weccelerate.co.il/videos/פודקאסט-22-דן-שמחון-מנכל-ומייסד-שותף-של-pre-cure-לשיחה-שתשנה-hay4j39qzwk,medtech,"הצטרפו אלינו לפרק עוצר נשימה בפודקאסט של וויסלרייט, בו אלון פנחס, מנכ""""ל החברה, מארח את דן שמחון, מנכ""""ל ומייסד שותף של Pre-Cure, לשיחה שתשנה לכם את נקודת…

יש לכם רעיון או מיזם? שיחת היכרות חינם עם יועץ מהצוות:
https://weccelerate.co.il/lp/medtech?utm_source=youtube&utm_medium=video&utm_campaign=medtech-22-pre-cure-hay4j39qzwk

WeCcelerate (וויסלרייט): Venture Builder ומאיץ סטארטאפים ישראלי. ליווי מרעיון לסטארטאפ, כולל מסלול MedTech עם לאומית שירותי בריאות.
עוד מדריכים ליזמים: https://weccelerate.co.il/guides"
"פודקאסט #21 בסלון של וויסלרייט על הספה, ליעוז זוהר ועידו סבג , סמנכ""ל פיתוח - וויסלרייט",https://www.youtube.com/watch?v=aZGwsGlh0a4,https://weccelerate.co.il/videos/פודקאסט-21-בסלון-של-וויסלרייט-על-הספה-ליעוז-זוהר-ועידו-סבג-ס-aZGwsGlh0a4,startup,"הסלון של וויסלרייט בפרק זה, ליעוז זוהר בשיח מרתק עם עידו סבג , סמנכ""ל פיתוח - וויסלרייט, על סיפורו המרתק ועל מילותיו המסקרנות: ""אסור להתאהב במוצר שמפתחים,…

יש לכם רעיון או מיזם? שיחת היכרות חינם עם יועץ מהצוות:
https://weccelerate.co.il/lp/startup?utm_source=youtube&utm_medium=video&utm_campaign=startup-21-azgwsglh0a4

WeCcelerate (וויסלרייט): Venture Builder ומאיץ סטארטאפים ישראלי. ליווי מרעיון לסטארטאפ, כולל מסלול MedTech עם לאומית שירותי בריאות.
עוד מדריכים ליזמים: https://weccelerate.co.il/guides"
"פודקאסט #20: 🤯 איך ילד תל אביבי הפך לגאון פיזיקה ויזם הייטק מצליח? אורון צחר מנכ""ל Inhalimed 🚀",https://www.youtube.com/watch?v=-N9ZrNGwUCo,https://weccelerate.co.il/videos/פודקאסט-20-איך-ילד-תל-אביבי-הפך-לגאון-פיזיקה-ויזם-הייטק-מצלי--N9ZrNGwUCo,medtech,"🤯 איך ילד תל אביבי הפך לגאון פיזיקה ויזם הייטק מצליח?

יש לכם רעיון או מיזם? שיחת היכרות חינם עם יועץ מהצוות:
https://weccelerate.co.il/lp/medtech?utm_source=youtube&utm_medium=video&utm_campaign=medtech-20-n9zrngwuco

WeCcelerate (וויסלרייט): Venture Builder ומאיץ סטארטאפים ישראלי. ליווי מרעיון לסטארטאפ, כולל מסלול MedTech עם לאומית שירותי בריאות.
עוד מדריכים ליזמים: https://weccelerate.co.il/guides"
יזמים טובים יודעים!,https://www.youtube.com/watch?v=hM4Ypvr02wo,https://weccelerate.co.il/videos/יזמים-טובים-יודעים-hM4Ypvr02wo,fundraising,"יזמים טובים יודעים ש....👂🏻 יזמים טובים יודעים שאצלנו מקבלים את המעטפת המלאה החל מפגישת הייעוץ ועד הפגישת המשקיעים!

יש לכם רעיון או מיזם? שיחת היכרות חינם עם יועץ מהצוות:
https://weccelerate.co.il/lp/fundraising?utm_source=youtube&utm_medium=video&utm_campaign=fundraising-hm4ypvr02wo

WeCcelerate (וויסלרייט): Venture Builder ומאיץ סטארטאפים ישראלי. ליווי מרעיון לסטארטאפ, כולל מסלול MedTech עם לאומית שירותי בריאות.
עוד מדריכים ליזמים: https://weccelerate.co.il/guides"
הצלחה בסטארטאפ,https://www.youtube.com/watch?v=KnEZwDgvW7s,https://weccelerate.co.il/videos/הצלחה-בסטארטאפ-KnEZwDgvW7s,startup,"על מנת להצליח בסטארטאפ, אתם צריכים לרוץ מרתון...

יש לכם רעיון או מיזם? שיחת היכרות חינם עם יועץ מהצוות:
https://weccelerate.co.il/lp/startup?utm_source=youtube&utm_medium=video&utm_campaign=startup-knezwdgvw7s

WeCcelerate (וויסלרייט): Venture Builder ומאיץ סטארטאפים ישראלי. ליווי מרעיון לסטארטאפ, כולל מסלול MedTech עם לאומית שירותי בריאות.
עוד מדריכים ליזמים: https://weccelerate.co.il/guides"
התאמות נדרשות,https://www.youtube.com/watch?v=lNRanfn0vCE,https://weccelerate.co.il/videos/התאמות-נדרשות-lNRanfn0vCE,startup,"זה לא משנה כמה המוצר איכותי, אם לא נעשו התאמות נדרשות....

יש לכם רעיון או מיזם? שיחת היכרות חינם עם יועץ מהצוות:
https://weccelerate.co.il/lp/startup?utm_source=youtube&utm_medium=video&utm_campaign=startup-lnranfn0vce

WeCcelerate (וויסלרייט): Venture Builder ומאיץ סטארטאפים ישראלי. ליווי מרעיון לסטארטאפ, כולל מסלול MedTech עם לאומית שירותי בריאות.
עוד מדריכים ליזמים: https://weccelerate.co.il/guides"
התאמה ללקוח קצה,https://www.youtube.com/watch?v=VmTnlSj5z4A,https://weccelerate.co.il/videos/התאמה-ללקוח-קצה-VmTnlSj5z4A,startup,"להתאים את המוצר ללקוח הקצה זה לא רק פיתוח טכנולוגי – זה להבין את הצרכים האמיתיים שלו ולתת לו ערך שנוגע לו באופן אישי.

יש לכם רעיון או מיזם? שיחת היכרות חינם עם יועץ מהצוות:
https://weccelerate.co.il/lp/startup?utm_source=youtube&utm_medium=video&utm_campaign=startup-vmtnlsj5z4a

WeCcelerate (וויסלרייט): Venture Builder ומאיץ סטארטאפים ישראלי. ליווי מרעיון לסטארטאפ, כולל מסלול MedTech עם לאומית שירותי בריאות.
עוד מדריכים ליזמים: https://weccelerate.co.il/guides"
יזם הוא לא רק תואר זה אופי!,https://www.youtube.com/watch?v=3jx1SnZLUvI,https://weccelerate.co.il/videos/יזם-הוא-לא-רק-תואר-זה-אופי-3jx1SnZLUvI,startup,"יזם הוא לא רק תואר – זה אופי, רצון בלתי נגמר ללמוד ולצמוח, ולא לפחד מדרך ארוכה.

יש לכם רעיון או מיזם? שיחת היכרות חינם עם יועץ מהצוות:
https://weccelerate.co.il/lp/startup?utm_source=youtube&utm_medium=video&utm_campaign=startup-3jx1snzluvi

WeCcelerate (וויסלרייט): Venture Builder ומאיץ סטארטאפים ישראלי. ליווי מרעיון לסטארטאפ, כולל מסלול MedTech עם לאומית שירותי בריאות.
עוד מדריכים ליזמים: https://weccelerate.co.il/guides"
💡 יש לך בעיה פיננסית? רוצה להצליח בתכנון הפיננסי שלך? 💡,https://www.youtube.com/watch?v=6yp1agtoAqA,https://weccelerate.co.il/videos/יש-לך-בעיה-פיננסית-רוצה-להצליח-בתכנון-הפיננסי-שלך-6yp1agtoAqA,startup,"💡 יש לך בעיה פיננסית?

יש לכם רעיון או מיזם? שיחת היכרות חינם עם יועץ מהצוות:
https://weccelerate.co.il/lp/startup?utm_source=youtube&utm_medium=video&utm_campaign=startup-6yp1agtoaqa

WeCcelerate (וויסלרייט): Venture Builder ומאיץ סטארטאפים ישראלי. ליווי מרעיון לסטארטאפ, כולל מסלול MedTech עם לאומית שירותי בריאות.
עוד מדריכים ליזמים: https://weccelerate.co.il/guides"
"כיזם, הדרך לא תמיד קלה...🙂",https://www.youtube.com/watch?v=vK4MXJc7XkI,https://weccelerate.co.il/videos/כיזם-הדרך-לא-תמיד-קלה-vK4MXJc7XkI,startup,"כיזם, הדרך לא תמיד קלה...🙂 יש רגעים של ספקות, אתגרים פיננסיים והחלטות קשות שיכולות להרגיש מייאשות!

יש לכם רעיון או מיזם? שיחת היכרות חינם עם יועץ מהצוות:
https://weccelerate.co.il/lp/startup?utm_source=youtube&utm_medium=video&utm_campaign=startup-vk4mxjc7xki

WeCcelerate (וויסלרייט): Venture Builder ומאיץ סטארטאפים ישראלי. ליווי מרעיון לסטארטאפ, כולל מסלול MedTech עם לאומית שירותי בריאות.
עוד מדריכים ליזמים: https://weccelerate.co.il/guides"
מאוהב בפתרון!,https://www.youtube.com/watch?v=CrND2OYWpDc,https://weccelerate.co.il/videos/מאוהב-בפתרון-CrND2OYWpDc,startup,"יזם באופן טבעי כשהוא בא לענות על בעיה הוא בעצם מתאהב בפתרון שלו!

יש לכם רעיון או מיזם? שיחת היכרות חינם עם יועץ מהצוות:
https://weccelerate.co.il/lp/startup?utm_source=youtube&utm_medium=video&utm_campaign=startup-crnd2oywpdc

WeCcelerate (וויסלרייט): Venture Builder ומאיץ סטארטאפים ישראלי. ליווי מרעיון לסטארטאפ, כולל מסלול MedTech עם לאומית שירותי בריאות.
עוד מדריכים ליזמים: https://weccelerate.co.il/guides"
לכל יזם יש עליות וירידות בדרך אבל....,https://www.youtube.com/watch?v=qfPexfIPJP0,https://weccelerate.co.il/videos/לכל-יזם-יש-עליות-וירידות-בדרך-אבל-qfPexfIPJP0,startup,"לכל יזם יש עליות וירידות בדרך אבל....

יש לכם רעיון או מיזם? שיחת היכרות חינם עם יועץ מהצוות:
https://weccelerate.co.il/lp/startup?utm_source=youtube&utm_medium=video&utm_campaign=startup-qfpexfipjp0

WeCcelerate (וויסלרייט): Venture Builder ומאיץ סטארטאפים ישראלי. ליווי מרעיון לסטארטאפ, כולל מסלול MedTech עם לאומית שירותי בריאות.
עוד מדריכים ליזמים: https://weccelerate.co.il/guides"
קהל יעד ראשוני,https://www.youtube.com/watch?v=wF6Ky-yY6DQ,https://weccelerate.co.il/videos/קהל-יעד-ראשוני-wF6Ky-yY6DQ,startup,"קהל היעד הראשוני הוא תמיד חשוב אבל...

יש לכם רעיון או מיזם? שיחת היכרות חינם עם יועץ מהצוות:
https://weccelerate.co.il/lp/startup?utm_source=youtube&utm_medium=video&utm_campaign=startup-wf6ky-yy6dq

WeCcelerate (וויסלרייט): Venture Builder ומאיץ סטארטאפים ישראלי. ליווי מרעיון לסטארטאפ, כולל מסלול MedTech עם לאומית שירותי בריאות.
עוד מדריכים ליזמים: https://weccelerate.co.il/guides"
"פודקאסט #19: על הספה, אלון ולימור אלטהולץ,  CFO of Techsomed Medical Technologies",https://www.youtube.com/watch?v=2-NNHZqk7ns,https://weccelerate.co.il/videos/פודקאסט-19-על-הספה-אלון-ולימור-אלטהולץ-cfo-of-techsomed-medi-2-NNHZqk7ns,fundraising,"הסלון של וויסלרייט בפרק זה, אלון פנחס בשיח מרתק לימור אלטהולץ, CFO of Techsomed Medical Technologies ודירקטורית בעמותות חברתיות ויועצת אסטרטגית למנהלים בכירים.

יש לכם רעיון או מיזם? שיחת היכרות חינם עם יועץ מהצוות:
https://weccelerate.co.il/lp/fundraising?utm_source=youtube&utm_medium=video&utm_campaign=fundraising-19-cfo-of-techsomed-medi-2-nnhzqk7ns

WeCcelerate (וויסלרייט): Venture Builder ומאיץ סטארטאפים ישראלי. ליווי מרעיון לסטארטאפ, כולל מסלול MedTech עם לאומית שירותי בריאות.
עוד מדריכים ליזמים: https://weccelerate.co.il/guides"
"פודקאסט #18 בסלון של וויסלרייט על הספה, אלון ואיגור פאר, מנהל מעוף טק דרום",https://www.youtube.com/watch?v=ZWg7uxIH7Gw,https://weccelerate.co.il/videos/פודקאסט-18-בסלון-של-וויסלרייט-על-הספה-אלון-ואיגור-פאר-מנהל-מ-ZWg7uxIH7Gw,startup,"הסלון של וויסלרייט בפרק זה, אלון פנחס בשיח מרתק עם איגור פאר, מנהל מעוף טק דרום סיפורו המרתק ועל מילותיו המסקרנות: ""יזמות זה החוש שישי"" עוד בפרק..

יש לכם רעיון או מיזם? שיחת היכרות חינם עם יועץ מהצוות:
https://weccelerate.co.il/lp/startup?utm_source=youtube&utm_medium=video&utm_campaign=startup-18-zwg7uxih7gw

WeCcelerate (וויסלרייט): Venture Builder ומאיץ סטארטאפים ישראלי. ליווי מרעיון לסטארטאפ, כולל מסלול MedTech עם לאומית שירותי בריאות.
עוד מדריכים ליזמים: https://weccelerate.co.il/guides"
"פודקאסט #17 בסלון של וויסלרייט על הספה, יעקב קולר וליעוז זוהר, מנהל המחלקה האסטרטגית - וויסלרייט",https://www.youtube.com/watch?v=CoxBKyP_is8,https://weccelerate.co.il/videos/פודקאסט-17-בסלון-של-וויסלרייט-על-הספה-יעקב-קולר-וליעוז-זוהר--CoxBKyP_is8,startup,"הסלון של וויסלרייט בפרק זה, יעקב קולר בשיח מרתק עם ליעוז זוהר, מנהל המחלקה האסטרטגית - וויסלרייט סיפורו המרתק ועל מילותיו המסקרנות: ""אם בנאדם רוצה באמת…

יש לכם רעיון או מיזם? שיחת היכרות חינם עם יועץ מהצוות:
https://weccelerate.co.il/lp/startup?utm_source=youtube&utm_medium=video&utm_campaign=startup-17-coxbkyp-is8

WeCcelerate (וויסלרייט): Venture Builder ומאיץ סטארטאפים ישראלי. ליווי מרעיון לסטארטאפ, כולל מסלול MedTech עם לאומית שירותי בריאות.
עוד מדריכים ליזמים: https://weccelerate.co.il/guides"
פודקאסט #16 🚀הצצה בלעדית אל מאחורי הקלעים של עולם הסטארטאפים הרפואיים! 🚀,https://www.youtube.com/watch?v=xXG3ZYO1UaY,https://weccelerate.co.il/videos/פודקאסט-16-הצצה-בלעדית-אל-מאחורי-הקלעים-של-עולם-הסטארטאפים-ה-xXG3ZYO1UaY,medtech,"הצצה בלעדית אל מאחורי הקלעים של עולם הסטארטאפים הרפואיים!

יש לכם רעיון או מיזם? שיחת היכרות חינם עם יועץ מהצוות:
https://weccelerate.co.il/lp/medtech?utm_source=youtube&utm_medium=video&utm_campaign=medtech-16-xxg3zyo1uay

WeCcelerate (וויסלרייט): Venture Builder ומאיץ סטארטאפים ישראלי. ליווי מרעיון לסטארטאפ, כולל מסלול MedTech עם לאומית שירותי בריאות.
עוד מדריכים ליזמים: https://weccelerate.co.il/guides"
"פודקאסט #15 בסלון של וויסלרייט על הספה, אלון ומקסים גומברג, יזם ומטמיע מערכות AI לארגונים",https://www.youtube.com/watch?v=yvbnUFTRyy4,https://weccelerate.co.il/videos/פודקאסט-15-בסלון-של-וויסלרייט-על-הספה-אלון-ומקסים-גומברג-יזם-yvbnUFTRyy4,app-development,"הסלון של וויסלרייט בפרק זה, אלון פנחס בשיח מרתק עם מקסים גומברג, יזם ומטמיע מערכות AI לארגונים, על סיפורו המרתק ועל מילותיו המסקרנות: ""ה - AI זו מהפכה לא…

יש לכם רעיון או מיזם? שיחת היכרות חינם עם יועץ מהצוות:
https://weccelerate.co.il/lp/app-development?utm_source=youtube&utm_medium=video&utm_campaign=app-15-yvbnuftryy4

WeCcelerate (וויסלרייט): Venture Builder ומאיץ סטארטאפים ישראלי. ליווי מרעיון לסטארטאפ, כולל מסלול MedTech עם לאומית שירותי בריאות.
עוד מדריכים ליזמים: https://weccelerate.co.il/guides"
"פודקאסט #14 בסלון של וויסלרייט על הספה, אלון ויזהר לאופר, מנהל יחידת החדשנות של לאומית שירותי בריאות",https://www.youtube.com/watch?v=SWyEsjhdDlY,https://weccelerate.co.il/videos/פודקאסט-14-בסלון-של-וויסלרייט-על-הספה-אלון-ויזהר-לאופר-מנהל--SWyEsjhdDlY,medtech,"הסלון של וויסלרייט בפרק זה, אלון פנחס בשיח מרתק עם יזהר לאופר, מנהל יחידת החדשנות של לאומית שירותי בריאות, על סיפורו המרתק ועל מילותיו המסקרנות: ""יש חברות…

יש לכם רעיון או מיזם? שיחת היכרות חינם עם יועץ מהצוות:
https://weccelerate.co.il/lp/medtech?utm_source=youtube&utm_medium=video&utm_campaign=medtech-14-swyesjhddly

WeCcelerate (וויסלרייט): Venture Builder ומאיץ סטארטאפים ישראלי. ליווי מרעיון לסטארטאפ, כולל מסלול MedTech עם לאומית שירותי בריאות.
עוד מדריכים ליזמים: https://weccelerate.co.il/guides"
"פודקאסט #13: בסלון של וויסלרייט על הספה, אלון ואורן גולדשטיין, מייסד ומנכ""ל FAMILYBIZ",https://www.youtube.com/watch?v=230BX8QE57o,https://weccelerate.co.il/videos/פודקאסט-13-בסלון-של-וויסלרייט-על-הספה-אלון-ואורן-גולדשטיין-מ-230BX8QE57o,fundraising,"הצטרפו אלינו לפודקאסט של וויסלרייט עם אלון פנחס, והפעם – שיחה מעוררת השראה עם אורן גולדשטיין, מייסד FamilyBiz, אפליקציית הפינטק פורצת הדרך שמשנה את הדרך בה…

יש לכם רעיון או מיזם? שיחת היכרות חינם עם יועץ מהצוות:
https://weccelerate.co.il/lp/fundraising?utm_source=youtube&utm_medium=video&utm_campaign=fundraising-13-230bx8qe57o

WeCcelerate (וויסלרייט): Venture Builder ומאיץ סטארטאפים ישראלי. ליווי מרעיון לסטארטאפ, כולל מסלול MedTech עם לאומית שירותי בריאות.
עוד מדריכים ליזמים: https://weccelerate.co.il/guides"
"פודקאסט #12: בגיל 46 הוא עשה את הבלתי ייאמן! 🤯 עמית אשל, יחידת החדשנות בלאומית",https://www.youtube.com/watch?v=-V-KBkAzmsI,https://weccelerate.co.il/videos/פודקאסט-12-בגיל-46-הוא-עשה-את-הבלתי-ייאמן-עמית-אשל-יחידת-החד--V-KBkAzmsI,medtech,"🚨 שובר שגרה!

יש לכם רעיון או מיזם? שיחת היכרות חינם עם יועץ מהצוות:
https://weccelerate.co.il/lp/medtech?utm_source=youtube&utm_medium=video&utm_campaign=medtech-12-46-v-kbkazmsi

WeCcelerate (וויסלרייט): Venture Builder ומאיץ סטארטאפים ישראלי. ליווי מרעיון לסטארטאפ, כולל מסלול MedTech עם לאומית שירותי בריאות.
עוד מדריכים ליזמים: https://weccelerate.co.il/guides"
"פודקאסט #11: בסלון של וויסלרייט על הספה, אלון ומוטי הרשקו, משקיע וממייסדי AROYA",https://www.youtube.com/watch?v=v2sRqibQbRY,https://weccelerate.co.il/videos/פודקאסט-11-בסלון-של-וויסלרייט-על-הספה-אלון-ומוטי-הרשקו-משקיע-v2sRqibQbRY,fundraising,"הסלון של וויסלרייט בפרק זה, אלון פנחס בשיח מרתק עם מוטי הרשקו, משקיע וממייסדי AROYA, על סיפורו המרתק ועל מילותיו המסקרנות: “ביזמות צריך ליהנות מהדרך” עוד בפרק..

יש לכם רעיון או מיזם? שיחת היכרות חינם עם יועץ מהצוות:
https://weccelerate.co.il/lp/fundraising?utm_source=youtube&utm_medium=video&utm_campaign=fundraising-11-v2srqibqbry

WeCcelerate (וויסלרייט): Venture Builder ומאיץ סטארטאפים ישראלי. ליווי מרעיון לסטארטאפ, כולל מסלול MedTech עם לאומית שירותי בריאות.
עוד מדריכים ליזמים: https://weccelerate.co.il/guides"
"פודקאסט #10: בסלון של וויסלרייט על הספה, אלון ולורן עזורי, מייסדת Bubl",https://www.youtube.com/watch?v=6QutTzyJscE,https://weccelerate.co.il/videos/פודקאסט-10-בסלון-של-וויסלרייט-על-הספה-אלון-ולורן-עזורי-מייסד-6QutTzyJscE,startup,"הסלון של וויסלרייט בפרק זה, אלון פנחס בשיח מרתק עם לורן עזורי, מייסדת Bubl, על סיפורה המרתק ועל מילותיה המסקרנות: ""בהקמת המיזם למדתי חומר בלימודים, שאני כבר…

יש לכם רעיון או מיזם? שיחת היכרות חינם עם יועץ מהצוות:
https://weccelerate.co.il/lp/startup?utm_source=youtube&utm_medium=video&utm_campaign=startup-10-6quttzyjsce

WeCcelerate (וויסלרייט): Venture Builder ומאיץ סטארטאפים ישראלי. ליווי מרעיון לסטארטאפ, כולל מסלול MedTech עם לאומית שירותי בריאות.
עוד מדריכים ליזמים: https://weccelerate.co.il/guides"
"פודקאסט #9: בסלון של וויסלרייט על הספה, אלון ועידן עזריה, מייסד ומנכ""ל iMedex",https://www.youtube.com/watch?v=D1Ky-TFNEKw,https://weccelerate.co.il/videos/פודקאסט-9-בסלון-של-וויסלרייט-על-הספה-אלון-ועידן-עזריה-מייסד--D1Ky-TFNEKw,startup,"הסלון של וויסלרייט בפרק זה, אלון פנחס בשיח מרתק עם עידן עזריה, מייסד ומנכ""ל iMedex, על סיפורו המרתק ועל מילותיו המסקרנות: ""צריך להבין שלקדם מיזם יכול לפגוע…

יש לכם רעיון או מיזם? שיחת היכרות חינם עם יועץ מהצוות:
https://weccelerate.co.il/lp/startup?utm_source=youtube&utm_medium=video&utm_campaign=startup-9-d1ky-tfnekw

WeCcelerate (וויסלרייט): Venture Builder ומאיץ סטארטאפים ישראלי. ליווי מרעיון לסטארטאפ, כולל מסלול MedTech עם לאומית שירותי בריאות.
עוד מדריכים ליזמים: https://weccelerate.co.il/guides"
"פודקאסט #8: בסלון של וויסלרייט על הספה, אלון וגיל שיטרית, אנליסט השקעות בקרן השקעות",https://www.youtube.com/watch?v=fXp_uy8ZypI,https://weccelerate.co.il/videos/פודקאסט-8-בסלון-של-וויסלרייט-על-הספה-אלון-וגיל-שיטרית-אנליסט-fXp_uy8ZypI,fundraising,"הסלון של וויסלרייט בפרק זה, אלון פנחס בשיח מרתק עם גיל שיטרית, אנליסט השקעות בקרן השקעות, על סיפורו המרתק ועל מילותיו המסקרנות: “הדבר הכי חשוב זה להפיג את…

יש לכם רעיון או מיזם? שיחת היכרות חינם עם יועץ מהצוות:
https://weccelerate.co.il/lp/fundraising?utm_source=youtube&utm_medium=video&utm_campaign=fundraising-8-fxp-uy8zypi

WeCcelerate (וויסלרייט): Venture Builder ומאיץ סטארטאפים ישראלי. ליווי מרעיון לסטארטאפ, כולל מסלול MedTech עם לאומית שירותי בריאות.
עוד מדריכים ליזמים: https://weccelerate.co.il/guides"
"פודקאסט #7: בסלון של וויסלרייט על הספה, אלון וד''ר מאיה שמיילוב, ראש תחום פטנטים בגורניצקי",https://www.youtube.com/watch?v=WFzanJKEB0Q,https://weccelerate.co.il/videos/פודקאסט-7-בסלון-של-וויסלרייט-על-הספה-אלון-ודר-מאיה-שמיילוב-ר-WFzanJKEB0Q,startup,"הסלון של וויסלרייט בפרק זה, אלון פנחס בשיח מרתק עם ד''ר מאיה שמיילוב - ראש תחום פטנטים בגורניצקי, על סיפורה המרתק ועל מילותיה המסקרנות: “בתוך עורך פטנטים -…

יש לכם רעיון או מיזם? שיחת היכרות חינם עם יועץ מהצוות:
https://weccelerate.co.il/lp/startup?utm_source=youtube&utm_medium=video&utm_campaign=startup-7-wfzanjkeb0q

WeCcelerate (וויסלרייט): Venture Builder ומאיץ סטארטאפים ישראלי. ליווי מרעיון לסטארטאפ, כולל מסלול MedTech עם לאומית שירותי בריאות.
עוד מדריכים ליזמים: https://weccelerate.co.il/guides"
"פודקאסט #6:הפודקאסט שישגע אתכם! 🤯 אורן ולורן עוזרי,  מאחורי """"אבקת הקסם"""" BUBL, חושף הכל!",https://www.youtube.com/watch?v=DpZXA7HDn1U,https://weccelerate.co.il/videos/פודקאסט-6הפודקאסט-שישגע-אתכם-אורן-ולורן-עוזרי-מאחורי-אבקת-הק-DpZXA7HDn1U,fundraising,"הפודקאסט שישגע אתכם!

יש לכם רעיון או מיזם? שיחת היכרות חינם עם יועץ מהצוות:
https://weccelerate.co.il/lp/fundraising?utm_source=youtube&utm_medium=video&utm_campaign=fundraising-6-dpzxa7hdn1u

WeCcelerate (וויסלרייט): Venture Builder ומאיץ סטארטאפים ישראלי. ליווי מרעיון לסטארטאפ, כולל מסלול MedTech עם לאומית שירותי בריאות.
עוד מדריכים ליזמים: https://weccelerate.co.il/guides"
"פודקאסט #5:🤯 איך און גולן הפך ממהנדס למייסד סטארטאפ מצליח? און גולן, מנכ""""ל און הנדסה ומייסד 4MODEL🤯",https://www.youtube.com/watch?v=oYZ-dnccrek,https://weccelerate.co.il/videos/פודקאסט-5-איך-און-גולן-הפך-ממהנדס-למייסד-סטארטאפ-מצליח-און-ג-oYZ-dnccrek,fundraising,"🤯 איך און גולן הפך ממהנדס למייסד סטארטאפ מצליח?

יש לכם רעיון או מיזם? שיחת היכרות חינם עם יועץ מהצוות:
https://weccelerate.co.il/lp/fundraising?utm_source=youtube&utm_medium=video&utm_campaign=fundraising-5-oyz-dnccrek

WeCcelerate (וויסלרייט): Venture Builder ומאיץ סטארטאפים ישראלי. ליווי מרעיון לסטארטאפ, כולל מסלול MedTech עם לאומית שירותי בריאות.
עוד מדריכים ליזמים: https://weccelerate.co.il/guides"
"פודקאסט #4: בסלון של וויסלרייט על הספה, אלון ואמיר שאול - יזם ומשקיע אנג'ל",https://www.youtube.com/watch?v=6pJ-VtllPAY,https://weccelerate.co.il/videos/פודקאסט-4-בסלון-של-וויסלרייט-על-הספה-אלון-ואמיר-שאול-יזם-ומש-6pJ-VtllPAY,fundraising,"הסלון של וויסלרייט בפרק זה, אלון פנחס בשיח מרתק עם אמיר שאול - משקיע אנג'ל, לשעבר גזבר אינטל העולמי, על סיפורו המרתק ועל מילותיו המסקרנות: ""קניתי בניין…

יש לכם רעיון או מיזם? שיחת היכרות חינם עם יועץ מהצוות:
https://weccelerate.co.il/lp/fundraising?utm_source=youtube&utm_medium=video&utm_campaign=fundraising-4-6pj-vtllpay

WeCcelerate (וויסלרייט): Venture Builder ומאיץ סטארטאפים ישראלי. ליווי מרעיון לסטארטאפ, כולל מסלול MedTech עם לאומית שירותי בריאות.
עוד מדריכים ליזמים: https://weccelerate.co.il/guides"
"פודקאסט #3: בסלון של וויסלרייט על הספה, אלון ונופר נווה - יזמת ומייסדת WEM",https://www.youtube.com/watch?v=41kRRce-vGQ,https://weccelerate.co.il/videos/פודקאסט-3-בסלון-של-וויסלרייט-על-הספה-אלון-ונופר-נווה-יזמת-ומ-41kRRce-vGQ,startup,"הסלון של וויסלרייט בפרק זה, אלון פנחס בשיח מרתק עם נופר נווה - מנכ""לית ומייסדת WEM על סיפורה המרתק ועל מילותיה המסקרנות: ""הייתי במדינה זרה וצריך להתחיל שם מאפס.

יש לכם רעיון או מיזם? שיחת היכרות חינם עם יועץ מהצוות:
https://weccelerate.co.il/lp/startup?utm_source=youtube&utm_medium=video&utm_campaign=startup-3-41krrce-vgq

WeCcelerate (וויסלרייט): Venture Builder ומאיץ סטארטאפים ישראלי. ליווי מרעיון לסטארטאפ, כולל מסלול MedTech עם לאומית שירותי בריאות.
עוד מדריכים ליזמים: https://weccelerate.co.il/guides"
"פודקאסט #2: בסלון של וויסלרייט על הספה, אלון וברק אמטנאני - יזם וממייסדי Paytag",https://www.youtube.com/watch?v=7VKsSYZe29Y,https://weccelerate.co.il/videos/פודקאסט-2-בסלון-של-וויסלרייט-על-הספה-אלון-וברק-אמטנאני-יזם-ו-7VKsSYZe29Y,startup,"הסלון של וויסלרייט בפרק זה, אלון פנחס בשיח מרתק עם ברק אמטנאני - מנכ""ל Paytag על סיפורו המרתק ועל מילותיו המסקרנות: ""כשהיה לנו את כל התירוצים לכך שהמוצר לא…

יש לכם רעיון או מיזם? שיחת היכרות חינם עם יועץ מהצוות:
https://weccelerate.co.il/lp/startup?utm_source=youtube&utm_medium=video&utm_campaign=startup-2-7vkssyze29y

WeCcelerate (וויסלרייט): Venture Builder ומאיץ סטארטאפים ישראלי. ליווי מרעיון לסטארטאפ, כולל מסלול MedTech עם לאומית שירותי בריאות.
עוד מדריכים ליזמים: https://weccelerate.co.il/guides"
"פודקאסט #1: בסלון של וויסלרייט על הספה, אלון ודני טופז - יזם ומשקיע אנג'ל",https://www.youtube.com/watch?v=hipsBlixOxk,https://weccelerate.co.il/videos/פודקאסט-1-בסלון-של-וויסלרייט-על-הספה-אלון-ודני-טופז-יזם-ומשק-hipsBlixOxk,fundraising,"הסלון של וויסלרייט בפרק זה, אלון פנחס בשיח מרתק עם דני טופז - מנכ""ל ובעלים לשעבר של המ-לט ו-Weissbeerger, על סיפורו המרתק ועל מילותיו המסקרנות: ""נכנסתי…

יש לכם רעיון או מיזם? שיחת היכרות חינם עם יועץ מהצוות:
https://weccelerate.co.il/lp/fundraising?utm_source=youtube&utm_medium=video&utm_campaign=fundraising-1-hipsblixoxk

WeCcelerate (וויסלרייט): Venture Builder ומאיץ סטארטאפים ישראלי. ליווי מרעיון לסטארטאפ, כולל מסלול MedTech עם לאומית שירותי בריאות.
עוד מדריכים ליזמים: https://weccelerate.co.il/guides"
Vesting Conference 2024,https://www.youtube.com/watch?v=MRd7x79blE4,https://weccelerate.co.il/videos/vesting-conference-2024-MRd7x79blE4,startup,"כנס השקעות ליזמים מבית וויסלרייט בשיתוף קרן firefly בהנהלת יוצאי שב״כ

יש לכם רעיון או מיזם? שיחת היכרות חינם עם יועץ מהצוות:
https://weccelerate.co.il/lp/startup?utm_source=youtube&utm_medium=video&utm_campaign=startup-vesting-conference-2024-mrd7x79ble4

WeCcelerate (וויסלרייט): Venture Builder ומאיץ סטארטאפים ישראלי. ליווי מרעיון לסטארטאפ, כולל מסלול MedTech עם לאומית שירותי בריאות.
עוד מדריכים ליזמים: https://weccelerate.co.il/guides"
"יש לכם רעיון מדהים לסטארטאפ? מה נדרש, איך מתחילים? סרטון חובה ליזמים שיעשה לכם קצת סדר בבלגן",https://www.youtube.com/watch?v=pTy17rDCuUU,https://weccelerate.co.il/videos/יש-לכם-רעיון-מדהים-לסטארטאפ-מה-נדרש-איך-מתחילים-סרטון-חובה-ל-pTy17rDCuUU,fundraising,"יש לכם רעיון מדהים לסטארט-אפ אבל לא יודעים מאיפה להתחיל?

יש לכם רעיון או מיזם? שיחת היכרות חינם עם יועץ מהצוות:
https://weccelerate.co.il/lp/fundraising?utm_source=youtube&utm_medium=video&utm_campaign=fundraising-pty17rdcuuu

WeCcelerate (וויסלרייט): Venture Builder ומאיץ סטארטאפים ישראלי. ליווי מרעיון לסטארטאפ, כולל מסלול MedTech עם לאומית שירותי בריאות.
עוד מדריכים ליזמים: https://weccelerate.co.il/guides"
יש לכם רעיון מדהים לאפליקציה? סרטון חובה שמסביר מה התהליך שתעברו מרגע הרעיון עד לפיתוח ולהצלחה,https://www.youtube.com/watch?v=1k7zVQxZlQI,https://weccelerate.co.il/videos/יש-לכם-רעיון-מדהים-לאפליקציה-סרטון-חובה-שמסביר-מה-התהליך-שתע-1k7zVQxZlQI,app-development,"יש לכם רעיון לאפליקציה?

יש לכם רעיון או מיזם? שיחת היכרות חינם עם יועץ מהצוות:
https://weccelerate.co.il/lp/app-development?utm_source=youtube&utm_medium=video&utm_campaign=app-1k7zvqxzlqi

WeCcelerate (וויסלרייט): Venture Builder ומאיץ סטארטאפים ישראלי. ליווי מרעיון לסטארטאפ, כולל מסלול MedTech עם לאומית שירותי בריאות.
עוד מדריכים ליזמים: https://weccelerate.co.il/guides"
"כולנו מושקעים בבורסה, ידעתם?! אל תעשו טעויות בהשקעות",https://www.youtube.com/watch?v=Co52cD4lVdc,https://weccelerate.co.il/videos/כולנו-מושקעים-בבורסה-ידעתם-אל-תעשו-טעויות-בהשקעות-Co52cD4lVdc,startup,"כולנו מושקעים בבורסה, ידעתם?! אל תעשו טעויות בהשקעות

יש לכם רעיון או מיזם? שיחת היכרות חינם עם יועץ מהצוות:
https://weccelerate.co.il/lp/startup?utm_source=youtube&utm_medium=video&utm_campaign=startup-co52cd4lvdc

WeCcelerate (וויסלרייט): Venture Builder ומאיץ סטארטאפים ישראלי. ליווי מרעיון לסטארטאפ, כולל מסלול MedTech עם לאומית שירותי בריאות.
עוד מדריכים ליזמים: https://weccelerate.co.il/guides"
הכנס הגדול של השנה ליזמים!,https://www.youtube.com/watch?v=eBnr2YC_6dU,https://weccelerate.co.il/videos/הכנס-הגדול-של-השנה-ליזמים-eBnr2YC_6dU,startup,"כנס הרצוג ליזמים בתחילת דרכם

יש לכם רעיון או מיזם? שיחת היכרות חינם עם יועץ מהצוות:
https://weccelerate.co.il/lp/startup?utm_source=youtube&utm_medium=video&utm_campaign=startup-ebnr2yc-6du

WeCcelerate (וויסלרייט): Venture Builder ומאיץ סטארטאפים ישראלי. ליווי מרעיון לסטארטאפ, כולל מסלול MedTech עם לאומית שירותי בריאות.
עוד מדריכים ליזמים: https://weccelerate.co.il/guides"
עוד יזם מרוצה מספר על התהליך עם וויסלרייט,https://www.youtube.com/watch?v=wkQ3KTonlrw,https://weccelerate.co.il/videos/עוד-יזם-מרוצה-מספר-על-התהליך-עם-וויסלרייט-wkQ3KTonlrw,startup,"עוד יזם מרוצה!

יש לכם רעיון או מיזם? שיחת היכרות חינם עם יועץ מהצוות:
https://weccelerate.co.il/lp/startup?utm_source=youtube&utm_medium=video&utm_campaign=startup-wkq3ktonlrw

WeCcelerate (וויסלרייט): Venture Builder ומאיץ סטארטאפים ישראלי. ליווי מרעיון לסטארטאפ, כולל מסלול MedTech עם לאומית שירותי בריאות.
עוד מדריכים ליזמים: https://weccelerate.co.il/guides"
היזם רותם לוי על התהליך עם וויסלרייט,https://www.youtube.com/watch?v=npcROfJT5Hg,https://weccelerate.co.il/videos/היזם-רותם-לוי-על-התהליך-עם-וויסלרייט-npcROfJT5Hg,fundraising,"עוד יזם מרוצה!

יש לכם רעיון או מיזם? שיחת היכרות חינם עם יועץ מהצוות:
https://weccelerate.co.il/lp/fundraising?utm_source=youtube&utm_medium=video&utm_campaign=fundraising-npcrofjt5hg

WeCcelerate (וויסלרייט): Venture Builder ומאיץ סטארטאפים ישראלי. ליווי מרעיון לסטארטאפ, כולל מסלול MedTech עם לאומית שירותי בריאות.
עוד מדריכים ליזמים: https://weccelerate.co.il/guides"
מה זה בכלל NFT ולמה יצירות דיגיטליות זה דבר כל כך יקר?!,https://www.youtube.com/watch?v=irChbriKBac,https://weccelerate.co.il/videos/מה-זה-בכלל-nft-ולמה-יצירות-דיגיטליות-זה-דבר-כל-כך-יקר-irChbriKBac,marketing,"ראיון בכאן ב עם אברהם הינוך, סמנכ""ל שיווק ואסטרטגיה ומנהל חטיבת הNFT בחברת וויסלרייט 23.2.2022

יש לכם רעיון או מיזם? שיחת היכרות חינם עם יועץ מהצוות:
https://weccelerate.co.il/lp/marketing?utm_source=youtube&utm_medium=video&utm_campaign=marketing-nft-irchbrikbac

WeCcelerate (וויסלרייט): Venture Builder ומאיץ סטארטאפים ישראלי. ליווי מרעיון לסטארטאפ, כולל מסלול MedTech עם לאומית שירותי בריאות.
עוד מדריכים ליזמים: https://weccelerate.co.il/guides"
כל מה שחייב לדעת לפני שמקימים סטרטאפ!,https://www.youtube.com/watch?v=5_Ay252Smm0,https://weccelerate.co.il/videos/כל-מה-שחייב-לדעת-לפני-שמקימים-סטרטאפ-5_Ay252Smm0,startup,"ראיון בגלי ישראל עם רו""ח אלון פנחס, מנכ""ל חברת וויסלרייט 18.4.2022

יש לכם רעיון או מיזם? שיחת היכרות חינם עם יועץ מהצוות:
https://weccelerate.co.il/lp/startup?utm_source=youtube&utm_medium=video&utm_campaign=startup-5-ay252smm0

WeCcelerate (וויסלרייט): Venture Builder ומאיץ סטארטאפים ישראלי. ליווי מרעיון לסטארטאפ, כולל מסלול MedTech עם לאומית שירותי בריאות.
עוד מדריכים ליזמים: https://weccelerate.co.il/guides"
ראיון עם מנכ״ל וויסלרייט - אלון פנחס - ערוץ 14 - 17.2.2022,https://www.youtube.com/watch?v=OwQY6ujR_o8,https://weccelerate.co.il/videos/ראיון-עם-מנכ״ל-וויסלרייט-אלון-פנחס-ערוץ-14-1722022-OwQY6ujR_o8,startup,"ראיון עם מנכ״ל וויסלרייט - אלון פנחס - ערוץ 14 - 17.2.2022

יש לכם רעיון או מיזם? שיחת היכרות חינם עם יועץ מהצוות:
https://weccelerate.co.il/lp/startup?utm_source=youtube&utm_medium=video&utm_campaign=startup-14-1722022-owqy6ujr-o8

WeCcelerate (וויסלרייט): Venture Builder ומאיץ סטארטאפים ישראלי. ליווי מרעיון לסטארטאפ, כולל מסלול MedTech עם לאומית שירותי בריאות.
עוד מדריכים ליזמים: https://weccelerate.co.il/guides"
היזם גיא שחם מספר לכם על התהליך בוויסלרייט,https://www.youtube.com/watch?v=A0mXfsyHMXM,https://weccelerate.co.il/videos/היזם-גיא-שחם-מספר-לכם-על-התהליך-בוויסלרייט-A0mXfsyHMXM,startup,"היזם גיא שחם מספר לכם על התהליך בוויסלרייט

יש לכם רעיון או מיזם? שיחת היכרות חינם עם יועץ מהצוות:
https://weccelerate.co.il/lp/startup?utm_source=youtube&utm_medium=video&utm_campaign=startup-a0mxfsyhmxm

WeCcelerate (וויסלרייט): Venture Builder ומאיץ סטארטאפים ישראלי. ליווי מרעיון לסטארטאפ, כולל מסלול MedTech עם לאומית שירותי בריאות.
עוד מדריכים ליזמים: https://weccelerate.co.il/guides"
היזם אלעד גובס מספר לכם על התהליך בוויסלרייט,https://www.youtube.com/watch?v=wcLDzITt72g,https://weccelerate.co.il/videos/היזם-אלעד-גובס-מספר-לכם-על-התהליך-בוויסלרייט-wcLDzITt72g,startup,"היזם אלעד גובס מספר לכם על התהליך בוויסלרייט

יש לכם רעיון או מיזם? שיחת היכרות חינם עם יועץ מהצוות:
https://weccelerate.co.il/lp/startup?utm_source=youtube&utm_medium=video&utm_campaign=startup-wcldzitt72g

WeCcelerate (וויסלרייט): Venture Builder ומאיץ סטארטאפים ישראלי. ליווי מרעיון לסטארטאפ, כולל מסלול MedTech עם לאומית שירותי בריאות.
עוד מדריכים ליזמים: https://weccelerate.co.il/guides"
מיזם ענק של וויסלרייט שהולך לקום בשיתוף עם עיריית יבנה,https://www.youtube.com/watch?v=-4NK4ianiNU,https://weccelerate.co.il/videos/מיזם-ענק-של-וויסלרייט-שהולך-לקום-בשיתוף-עם-עיריית-יבנה--4NK4ianiNU,startup,"מיזם ענק של וויסלרייט שהולך לקום בשיתוף עם עיריית יבנה

יש לכם רעיון או מיזם? שיחת היכרות חינם עם יועץ מהצוות:
https://weccelerate.co.il/lp/startup?utm_source=youtube&utm_medium=video&utm_campaign=startup-4nk4ianinu

WeCcelerate (וויסלרייט): Venture Builder ומאיץ סטארטאפים ישראלי. ליווי מרעיון לסטארטאפ, כולל מסלול MedTech עם לאומית שירותי בריאות.
עוד מדריכים ליזמים: https://weccelerate.co.il/guides"
פגישת אסטרטגיה עם מייקל לואיס בוויסלרייט,https://www.youtube.com/watch?v=LbsxBBbBzsg,https://weccelerate.co.il/videos/פגישת-אסטרטגיה-עם-מייקל-לואיס-בוויסלרייט-LbsxBBbBzsg,startup,"פגישת אסטרטגיה עם מייקל לואיס בוויסלרייט

יש לכם רעיון או מיזם? שיחת היכרות חינם עם יועץ מהצוות:
https://weccelerate.co.il/lp/startup?utm_source=youtube&utm_medium=video&utm_campaign=startup-lbsxbbbbzsg

WeCcelerate (וויסלרייט): Venture Builder ומאיץ סטארטאפים ישראלי. ליווי מרעיון לסטארטאפ, כולל מסלול MedTech עם לאומית שירותי בריאות.
עוד מדריכים ליזמים: https://weccelerate.co.il/guides"
יזמים מספרים על התהליך בוויסלרייט,https://www.youtube.com/watch?v=KwL8XiV-dcw,https://weccelerate.co.il/videos/יזמים-מספרים-על-התהליך-בוויסלרייט-KwL8XiV-dcw,startup,"יזמים מספרים על התהליך בוויסלרייט

יש לכם רעיון או מיזם? שיחת היכרות חינם עם יועץ מהצוות:
https://weccelerate.co.il/lp/startup?utm_source=youtube&utm_medium=video&utm_campaign=startup-kwl8xiv-dcw

WeCcelerate (וויסלרייט): Venture Builder ומאיץ סטארטאפים ישראלי. ליווי מרעיון לסטארטאפ, כולל מסלול MedTech עם לאומית שירותי בריאות.
עוד מדריכים ליזמים: https://weccelerate.co.il/guides"
"אריאל סנה, מנכ״ל ARINE, מספר על התהליך בוויסלרייט",https://www.youtube.com/watch?v=hor3lGSiJms,https://weccelerate.co.il/videos/אריאל-סנה-מנכ״ל-arine-מספר-על-התהליך-בוויסלרייט-hor3lGSiJms,startup,"אריאל סנה, מנכ״ל ARINE, מספר על התהליך בוויסלרייט

יש לכם רעיון או מיזם? שיחת היכרות חינם עם יועץ מהצוות:
https://weccelerate.co.il/lp/startup?utm_source=youtube&utm_medium=video&utm_campaign=startup-arine-hor3lgsijms

WeCcelerate (וויסלרייט): Venture Builder ומאיץ סטארטאפים ישראלי. ליווי מרעיון לסטארטאפ, כולל מסלול MedTech עם לאומית שירותי בריאות.
עוד מדריכים ליזמים: https://weccelerate.co.il/guides"
"היזם אליעד ביטון, מנכ""ל Green House, מספר על התהליך בוויסלרייט",https://www.youtube.com/watch?v=UfuAEtxuq4w,https://weccelerate.co.il/videos/היזם-אליעד-ביטון-מנכל-green-house-מספר-על-התהליך-בוויסלרייט-UfuAEtxuq4w,startup,"היזם אליעד ביטון, מנכ""ל Green House, מספר על התהליך בוויסלרייט

יש לכם רעיון או מיזם? שיחת היכרות חינם עם יועץ מהצוות:
https://weccelerate.co.il/lp/startup?utm_source=youtube&utm_medium=video&utm_campaign=startup-green-house-ufuaetxuq4w

WeCcelerate (וויסלרייט): Venture Builder ומאיץ סטארטאפים ישראלי. ליווי מרעיון לסטארטאפ, כולל מסלול MedTech עם לאומית שירותי בריאות.
עוד מדריכים ליזמים: https://weccelerate.co.il/guides"
"לקוח של החברה מארה""ב מספר על התהליך בוויסלרייט, שירות VIP בדנוור קולוראדו",https://www.youtube.com/watch?v=_eXMwliYdCI,https://weccelerate.co.il/videos/לקוח-של-החברה-מארהב-מספר-על-התהליך-בוויסלרייט-שירות-vip-בדנו-_eXMwliYdCI,startup,"לקוח של החברה מארה""ב מספר על התהליך בוויסלרייט, שירות VIP בדנוור קולוראדו

יש לכם רעיון או מיזם? שיחת היכרות חינם עם יועץ מהצוות:
https://weccelerate.co.il/lp/startup?utm_source=youtube&utm_medium=video&utm_campaign=startup-vip-exmwliydci

WeCcelerate (וויסלרייט): Venture Builder ומאיץ סטארטאפים ישראלי. ליווי מרעיון לסטארטאפ, כולל מסלול MedTech עם לאומית שירותי בריאות.
עוד מדריכים ליזמים: https://weccelerate.co.il/guides"
"היזם איסלאם זחאלקה מספר על התהליך בוויסלרייט, מרעיון לדובאי",https://www.youtube.com/watch?v=mzGEjLbTWV4,https://weccelerate.co.il/videos/היזם-איסלאם-זחאלקה-מספר-על-התהליך-בוויסלרייט-מרעיון-לדובאי-mzGEjLbTWV4,startup,"היזם איסלאם זחאלקה מספר על התהליך בוויסלרייט, מרעיון לדובאי

יש לכם רעיון או מיזם? שיחת היכרות חינם עם יועץ מהצוות:
https://weccelerate.co.il/lp/startup?utm_source=youtube&utm_medium=video&utm_campaign=startup-mzgejlbtwv4

WeCcelerate (וויסלרייט): Venture Builder ומאיץ סטארטאפים ישראלי. ליווי מרעיון לסטארטאפ, כולל מסלול MedTech עם לאומית שירותי בריאות.
עוד מדריכים ליזמים: https://weccelerate.co.il/guides"
תמיד חלמת בגדול? נעזור לך להגשים🚀,https://www.youtube.com/watch?v=rMNT8iA6Y64,https://weccelerate.co.il/videos/תמיד-חלמת-בגדול-נעזור-לך-להגשים-rMNT8iA6Y64,startup,"תמיד חלמת בגדול? נעזור לך להגשים🚀

יש לכם רעיון או מיזם? שיחת היכרות חינם עם יועץ מהצוות:
https://weccelerate.co.il/lp/startup?utm_source=youtube&utm_medium=video&utm_campaign=startup-rmnt8ia6y64

WeCcelerate (וויסלרייט): Venture Builder ומאיץ סטארטאפים ישראלי. ליווי מרעיון לסטארטאפ, כולל מסלול MedTech עם לאומית שירותי בריאות.
עוד מדריכים ליזמים: https://weccelerate.co.il/guides"
יש לכם רעיון לאפליקציה? אנחנו יכולים לעזור לכם🚀,https://www.youtube.com/watch?v=KsMnKgE5dZA,https://weccelerate.co.il/videos/יש-לכם-רעיון-לאפליקציה-אנחנו-יכולים-לעזור-לכם-KsMnKgE5dZA,app-development,"יש לכם רעיון לאפליקציה? אנחנו יכולים לעזור לכם🚀

יש לכם רעיון או מיזם? שיחת היכרות חינם עם יועץ מהצוות:
https://weccelerate.co.il/lp/app-development?utm_source=youtube&utm_medium=video&utm_campaign=app-ksmnkge5dza

WeCcelerate (וויסלרייט): Venture Builder ומאיץ סטארטאפים ישראלי. ליווי מרעיון לסטארטאפ, כולל מסלול MedTech עם לאומית שירותי בריאות.
עוד מדריכים ליזמים: https://weccelerate.co.il/guides"
From an idea to Dubai (Arabic),https://www.youtube.com/watch?v=K028klpdmkk,https://weccelerate.co.il/videos/from-an-idea-to-dubai-arabic-K028klpdmkk,app-development,"From an idea to Dubai (Arabic)

יש לכם רעיון או מיזם? שיחת היכרות חינם עם יועץ מהצוות:
https://weccelerate.co.il/lp/app-development?utm_source=youtube&utm_medium=video&utm_campaign=app-from-an-idea-to-dubai-arabic-k028klpdmkk

WeCcelerate (וויסלרייט): Venture Builder ומאיץ סטארטאפים ישראלי. ליווי מרעיון לסטארטאפ, כולל מסלול MedTech עם לאומית שירותי בריאות.
עוד מדריכים ליזמים: https://weccelerate.co.il/guides"
